zona,nombre,direccion,latitud,longitud,rating,usuarios,precio,tipos
centro,Intelier Palacio San Martín,"Plaza de San Martín, 5, Madrid",40.4186427,-3.7067589,4.5,1295.0,,"cafe, lodging, store, restaurant, food, point_of_interest, establishment"
centro,La Capilla De La Bolsa,"Calle de la Bolsa, 12, Madrid",40.4151573,-3.7049823,4.4,252.0,2.0,"restaurant, food, point_of_interest, establishment"
centro,Petit Palace Chueca,"Calle de Hortaleza, 3, Madrid",40.420354,-3.7011024,4.4,1498.0,,"cafe, lodging, store, restaurant, food, point_of_interest, establishment"
centro,RIBS ABADA,"Calle de la Abada, 8, Madrid",40.4193231,-3.704118599999999,4.7,20596.0,2.0,"restaurant, food, point_of_interest, establishment"
centro,Restaurante Ginger,"Plaza del Ángel, 12, Madrid",40.414264,-3.702353,4.1,7202.0,1.0,"restaurant, food, point_of_interest, establishment"
centro,La Finca de Susana,"Calle del Príncipe, 10, Madrid",40.4160028,-3.7004754,4.1,6076.0,1.0,"restaurant, food, point_of_interest, establishment"
centro,La Negra Tomasa,"Calle de Cádiz, 9, Madrid",40.4158479,-3.7023806,4.1,7330.0,2.0,"bar, restaurant, food, point_of_interest, establishment"
centro,Chincha Casa Perú,"Calle de las Fuentes, 9, Madrid",40.4172739,-3.708800800000001,4.4,1419.0,2.0,"restaurant, food, point_of_interest, establishment"
centro,Lamucca de Prado,"Calle del Prado, 16, Madrid",40.4148451,-3.6985903,4.2,6572.0,2.0,"restaurant, food, point_of_interest, establishment"
centro,Taberna de La Daniela Cuchilleros,"Calle de Cuchilleros, 9, Madrid",40.4144913,-3.707907499999999,4.0,2242.0,2.0,"bar, restaurant, food, point_of_interest, establishment"
centro,Chocolatería San Ginés,"Pasadizo de San Ginés, 5, Madrid",40.41674069999999,-3.7069176,4.3,65041.0,,"cafe, store, restaurant, food, point_of_interest, establishment"
centro,La Venganza De Malinche | Restaurante Mexicano | Sol,"Calle de los Jardines, 5, Madrid",40.4189893,-3.7013529,4.3,2691.0,2.0,"restaurant, food, point_of_interest, establishment"
centro,Casa Labra,"Calle de Tetuán, 12, Madrid",40.41717239999999,-3.704593,4.4,14414.0,1.0,"bar, restaurant, food, point_of_interest, establishment"
centro,Restaurante Los Galayos,"Calle de Botoneras, 5, Madrid",40.4148971,-3.7066829,4.2,4143.0,2.0,"restaurant, food, point_of_interest, establishment"
centro,La Mordida,"Calle de las Fuentes, 3, Madrid",40.4169643,-3.7088054,4.4,4834.0,2.0,"restaurant, food, point_of_interest, establishment"
centro,Radio Rooftop Madrid,"Calle del Príncipe, 14, Madrid",40.4148202,-3.7014664,3.8,1336.0,3.0,"bar, restaurant, food, point_of_interest, establishment"
centro,Estancia La Adriana,"Calle del Correo, 2, Madrid",40.416417,-3.704406999999999,4.6,2538.0,2.0,"restaurant, food, point_of_interest, establishment"
centro,Restaurante Sidrería Casa Parrondo,"Calle de Trujillos, 9, Madrid",40.41894579999999,-3.707466799999999,3.8,4607.0,2.0,"restaurant, food, point_of_interest, establishment"
centro,Asador Arizmendi,"Plaza de Tirso de Molina, 7, Madrid",40.412139,-3.7044438,3.9,38.0,,"restaurant, food, point_of_interest, establishment"
centro,MUSASHI,"Calle de las Conchas, 4, Madrid",40.4190371,-3.7076722,4.5,2507.0,1.0,"restaurant, food, point_of_interest, establishment"
centro,Jardín Prohibido,"Calle de la Cruz, 39, Madrid",40.41462089999999,-3.702906699999999,3.5,80.0,1.0,"bar, restaurant, food, point_of_interest, establishment"
centro,Cañas y Tapas,"Plaza de Celenque, 1, Madrid",40.4174438,-3.7060387,4.0,4562.0,1.0,"bar, restaurant, food, point_of_interest, establishment"
centro,Grazie Mille Mozzarella Bar Galería Canalejas,"Food Hall Galeria Canalejas, Calle Alcalá, 12, planta -1, Madrid",40.41718669999999,-3.7008587,4.0,1307.0,2.0,"liquor_store, bar, restaurant, store, food, point_of_interest, establishment"
centro,Restaurante El Ñeru,"Calle de Bordadores, 5, Madrid",40.4164858,-3.707776200000001,4.4,6019.0,2.0,"bar, restaurant, food, point_of_interest, establishment"
centro,Malatesta di San Gines,"Calle de los Coloreros, 5, Madrid",40.41659689999999,-3.7070241,4.4,2600.0,2.0,"restaurant, food, point_of_interest, establishment"
centro,Cardamomo Tablao Flamenco,"Calle de Echegaray, 15, Madrid",40.4154556,-3.699510899999999,4.5,3951.0,,"restaurant, food, point_of_interest, establishment"
centro,Los amigos,"Calle de las Conchas, 6, Madrid",40.41899169999999,-3.7077778,4.0,1253.0,1.0,"restaurant, bar, food, point_of_interest, establishment"
centro,Entre Suspiro Y Suspiro,"Calle de los Caños del Peral, 3, Madrid",40.4186859,-3.7090349,4.5,1046.0,3.0,"restaurant, food, point_of_interest, establishment"
centro,Matador,"Calle de la Cruz, 39, Madrid",40.41467569999999,-3.7028543,4.6,3324.0,1.0,"bar, restaurant, food, point_of_interest, establishment"
centro,Cervecería 100 Montaditos,"Calle de la Montera, 34, Madrid",40.41906729999999,-3.7018066,4.1,12495.0,1.0,"bar, restaurant, food, point_of_interest, establishment"
centro,Café Central,"Plaza del Ángel, 10, Madrid",40.4141589,-3.7018306,4.1,6074.0,2.0,"cafe, night_club, bar, restaurant, store, food, point_of_interest, establishment"
centro,La Cabaña Argentina,"Calle de Ventura de la Vega, 9, y 10, Madrid",40.4156913,-3.69898,4.7,9407.0,3.0,"restaurant, food, point_of_interest, establishment"
centro,Fatigas del querer,"Calle de la Cruz, 17, Madrid",40.4155674,-3.701657599999999,4.4,4918.0,1.0,"bar, restaurant, food, point_of_interest, establishment"
centro,Restaurante Casa Gallega,"Calle de Bordadores, 11, Madrid",40.4171752,-3.707439299999999,4.4,2288.0,3.0,"restaurant, food, point_of_interest, establishment"
centro,Restaurante Vegetariano Artemisa - Huertas,"Calle de Ventura de la Vega, 4, Madrid",40.4160178,-3.698925100000001,4.5,2515.0,2.0,"restaurant, food, point_of_interest, establishment"
centro,Starbucks,"Calle del Arenal, 14, Madrid",40.4171797,-3.706226800000001,3.8,1623.0,2.0,"cafe, bakery, restaurant, store, food, point_of_interest, establishment"
centro,Bar La Campana,"Calle de Botoneras, 6, Madrid",40.4149117,-3.7068219,4.5,17686.0,1.0,"restaurant, bar, food, point_of_interest, establishment"
centro,Café Bar Hylogui,"Calle de Ventura de la Vega, 3, Bajo Izquierda, Madrid",40.4161041,-3.6988452,4.3,607.0,2.0,"cafe, restaurant, food, point_of_interest, establishment"
centro,Las Bravas,"Pasaje de Mathéu, 5, Madrid",40.4161465,-3.7020479,4.0,10471.0,1.0,"bar, restaurant, food, point_of_interest, establishment"
centro,Cervecería Alemana,"Plaza de Santa Ana, 6, Madrid",40.4144726,-3.7003419,3.9,3054.0,2.0,"bar, restaurant, food, point_of_interest, establishment"
centro,FrescCo,"Calle de las Fuentes, 12, Madrid",40.417589,-3.708489199999999,4.0,3309.0,1.0,"restaurant, food, point_of_interest, establishment"
centro,El Lacón,"Calle de Manuel Fernández y González, 8, Madrid",40.4151388,-3.699294299999999,4.3,3341.0,1.0,"restaurant, food, point_of_interest, establishment"
centro,La Gloria de Montera,"Calle del Caballero de Gracia, 10, Madrid",40.41945279999999,-3.7007693,4.2,5763.0,1.0,"restaurant, food, point_of_interest, establishment"
centro,Restaurante La Catedral,"Carrera de San Jerónimo, 16, Madrid",40.4165046,-3.7010618,4.0,5108.0,1.0,"restaurant, food, point_of_interest, establishment"
centro,Las Cuevas de Luis Candelas · Restaurant,"Calle de Cuchilleros, 1, Madrid",40.4148559,-3.708019500000001,4.3,1719.0,3.0,"restaurant, food, point_of_interest, establishment"
centro,Dubliners,"Calle de Espoz y Mina, 7, Madrid",40.41583419999999,-3.702262599999999,3.6,1548.0,2.0,"bar, restaurant, food, point_of_interest, establishment"
centro,Casa Alberto,"Calle de las Huertas, 18, Madrid",40.41376149999999,-3.7001568,4.4,4606.0,2.0,"bar, restaurant, food, point_of_interest, establishment"
centro,Restaurante San Cristóbal,"Calle de San Cristóbal, 11, Madrid",40.415842,-3.7056157,3.1,322.0,,"restaurant, food, point_of_interest, establishment"
centro,Lateral,"Plaza de Santa Ana, 12, Madrid",40.4143579,-3.7011202,4.2,7570.0,2.0,"restaurant, food, point_of_interest, establishment"
centro,Cervecería Restaurante Plaza Mayor,"Plaza Mayor, 2, Madrid",40.414928,-3.706844600000001,2.9,905.0,,"restaurant, bar, food, point_of_interest, establishment"
centro,Museo del Jamón,"Carrera de San Jerónimo, 6, Madrid",40.416563,-3.701547,4.1,16299.0,1.0,"cafe, bar, restaurant, food, point_of_interest, store, establishment"
centro,Mimi’s Crêperie,"Calle de Postas, 17, Madrid",40.41572309999999,-3.7061636,4.5,3700.0,,"restaurant, food, point_of_interest, store, establishment"
centro,La Tintorería,"Calle de Espoz y Mina, 20, Madrid",40.41535309999999,-3.7024706,4.4,1755.0,1.0,"restaurant, food, point_of_interest, establishment"
centro,Parrilla El Gaucho,"Calle de Tetuán, 34, Madrid",40.418173,-3.703043,4.4,3908.0,2.0,"restaurant, food, point_of_interest, establishment"
centro,Vi Cool,"Calle de las Huertas, 12, Madrid",40.4138665,-3.7006778,4.5,1912.0,2.0,"restaurant, food, point_of_interest, establishment"
centro,Museo del Jamón,"Plaza Mayor, 17, 18, Madrid",40.4153752,-3.708105,3.3,2398.0,1.0,"cafe, bar, restaurant, food, point_of_interest, store, establishment"
centro,Arrocería Marina Ventura,"Calle de Ventura de la Vega, 13, Madrid",40.4153679,-3.698865399999999,4.5,6720.0,2.0,"restaurant, food, point_of_interest, establishment"
centro,El Cucurucho del Mar,"Calle del Postigo de San Martín, 6, LOCAL, Madrid",40.41919650000001,-3.7059889,4.3,1846.0,2.0,"restaurant, food, point_of_interest, establishment"
centro,Prada a Tope Madrid,"Calle del Príncipe, 11, Madrid",40.4157814,-3.700283900000001,4.4,2903.0,2.0,"restaurant, food, point_of_interest, establishment"
centro,Granada House in Madrid,"Calle del Doctor Cortezo, 17, 6º planta, Madrid",40.41268179999999,-3.7038295,4.1,2027.0,,"bar, restaurant, food, point_of_interest, establishment"
retiro,La Mordida,"Calle de Pío Baroja, 9, Madrid",40.413717,-3.673971,4.3,5163.0,2.0,"restaurant, food, point_of_interest, establishment"
retiro,Fogg Bar Birras & Burgers,"Plaza de los Reyes Magos, 6, Madrid",40.40806190000001,-3.6764862,4.7,1527.0,2.0,"bar, restaurant, food, point_of_interest, establishment"
retiro,La Dehesa II,"Avenida del Mediterráneo, 12, Madrid",40.40716029999999,-3.6767356,3.9,379.0,,"restaurant, cafe, bar, store, food, point_of_interest, establishment"
retiro,Restaurante Pazo Coruña,"Calle de Pío Baroja, 6, Madrid",40.41376,-3.6745445,4.4,3236.0,2.0,"meal_takeaway, restaurant, food, point_of_interest, establishment"
retiro,Restaurante Casa Santoña,"Avenida de Nazaret, 10, Madrid",40.41133300000001,-3.6709778,4.1,1891.0,2.0,"restaurant, bar, food, point_of_interest, establishment"
retiro,Restaurante Don Giovanni,"Paseo de la reina Cristina, 23, Calle de Gutenberg, 19, posterior, Madrid",40.4074856,-3.680221399999999,4.2,3433.0,3.0,"restaurant, food, point_of_interest, establishment"
retiro,RESTAURANTE LIMA LIMÓN,"Calle de Pío Baroja, 7, Madrid",40.4140892,-3.6738515,4.4,765.0,2.0,"restaurant, food, point_of_interest, establishment"
retiro,Cafetería Sagredo,"Avenida del Mediterráneo, 16, Madrid",40.40697730000001,-3.6759285,4.1,369.0,1.0,"restaurant, liquor_store, cafe, bar, store, food, point_of_interest, establishment"
retiro,Restaurante Ribeira Sacra,"Calle de Cavanilles, 4, Madrid",40.4070256,-3.678527,4.1,902.0,2.0,"restaurant, food, point_of_interest, establishment"
retiro,Burger King,"Metro Conde del Casal, Avenida del Mediterráneo, 24, Madrid",40.40687760000001,-3.6745664,3.8,2313.0,1.0,"meal_takeaway, restaurant, food, point_of_interest, establishment"
retiro,VIPS,"Calle del Conde de Cartagena, 18, Madrid",40.40757159999999,-3.6735284,4.0,4304.0,2.0,"restaurant, meal_takeaway, food, point_of_interest, establishment"
retiro,Restaurante Poncio by Willy Moya,"Plaza del Niño Jesús, 3, Madrid",40.4113644,-3.6751651,4.6,471.0,,"restaurant, food, point_of_interest, establishment"
retiro,Yes do tonk,Madrid,40.41133490000001,-3.6749081,,,,"restaurant, food, point_of_interest, establishment"
retiro,BAR - PHIBURGER,"Calle de los Reyes Magos, 8, local 1, Madrid",40.4115194,-3.6748901,4.9,47.0,,"restaurant, food, point_of_interest, establishment"
retiro,CAFETERIA LA PARISIENA 2,"Plaza Mariano de Cavia, Madrid",40.4079549,-3.6788231,3.7,769.0,2.0,"cafe, bar, restaurant, store, food, point_of_interest, establishment"
retiro,Restaurante Anjana,"Calle de Pío Baroja, 10, Madrid",40.4131773,-3.6750746,4.3,568.0,,"restaurant, food, point_of_interest, establishment"
retiro,Pio baroja 19,"Calle de Pío Baroja, 10, Meco",40.4131773,-3.6750746,4.5,2.0,,"restaurant, food, point_of_interest, establishment"
retiro,Pizzería Carlos,"Calle Roncesvalles, 5, Madrid",40.4081014,-3.6772408,4.5,1371.0,1.0,"meal_delivery, restaurant, food, point_of_interest, establishment"
retiro,Thai Away by Thai Garden 2112,"Calle del Conde de Cartagena, 15, Madrid",40.4083255,-3.674723,4.5,690.0,,"restaurant, food, point_of_interest, establishment"
retiro,Crystyan Arena cafeteria Bar,"Calle de Pío Baroja, 9, Madrid",40.4138191,-3.673913799999999,4.4,524.0,1.0,"cafe, bar, restaurant, store, food, point_of_interest, establishment"
chamartín,Restaurante - Cervecería Fass Concha Espina,"Calle de Rodríguez Marín, 84, Madrid",40.45146539999999,-3.678578,4.0,2553.0,2.0,"restaurant, food, point_of_interest, establishment"
chamartín,La Ancha,"Calle del Príncipe de Vergara, 204, Madrid",40.4493583,-3.6774667,4.5,2498.0,3.0,"restaurant, food, point_of_interest, establishment"
chamartín,Solo de Uva,"Calle del Príncipe de Vergara, 210, Madrid",40.4518609,-3.676916199999999,4.2,18.0,,"liquor_store, bar, store, restaurant, food, point_of_interest, establishment"
chamartín,De la Riva,"Calle de Cochabamba, 13, Madrid",40.45576250000001,-3.6807831,4.5,990.0,2.0,"restaurant, food, point_of_interest, establishment"
chamartín,Ansorena Taberna Vasca,"Calle de Víctor Andrés Belaunde, 8, Madrid",40.45483040000001,-3.6791229,4.3,471.0,2.0,"restaurant, food, point_of_interest, establishment"
chamartín,Paddy's Irish Pub,"Avenida de Concha Espina, 69, Madrid",40.4519506,-3.678038899999999,4.4,1504.0,2.0,"bar, restaurant, food, point_of_interest, establishment"
chamartín,Rodilla,"Avenida de Concha Espina, 69, Madrid",40.45197100000001,-3.677928,3.8,819.0,1.0,"restaurant, meal_delivery, cafe, meal_takeaway, store, food, point_of_interest, establishment"
chamartín,Café Universal Madrid Restaurante,"parque de Berlin, Calle del Príncipe de Vergara, 210, posterior, Madrid",40.4511496,-3.677139999999999,3.9,940.0,2.0,"restaurant, cafe, food, point_of_interest, establishment"
chamartín,Restaurante Cazorla,"Calle de Rodríguez Marín, 80, Madrid",40.45015089999999,-3.6785793,4.1,1181.0,2.0,"restaurant, food, point_of_interest, establishment"
chamartín,El Miajón De Los Castúos,"Calle de Serrano, 220, Madrid",40.4524456,-3.680574599999999,3.8,415.0,2.0,"restaurant, grocery_or_supermarket, store, food, point_of_interest, establishment"
chamartín,Restaurante Gaytán,"Calle del Príncipe de Vergara, 205, Lateral Derecho, Madrid",40.44983489999999,-3.6785516,4.6,720.0,4.0,"restaurant, food, point_of_interest, establishment"
chamartín,Papa Johns Pizza,"Calle de Serrano, 203, Madrid",40.4531205,-3.680765399999999,3.7,966.0,1.0,"meal_takeaway, restaurant, food, point_of_interest, establishment"
chamartín,Bar restaurante La Escalera de Serrano,"Calle de Serrano, 215, Madrid",40.4543084,-3.67873,4.2,399.0,,"bar, restaurant, food, point_of_interest, establishment"
chamartín,Maceta Café,"Calle de Pradillo, 9, Madrid",40.4487366,-3.675218499999999,4.6,322.0,1.0,"cafe, store, restaurant, food, point_of_interest, establishment"
chamartín,100 Montaditos,"Calle del Príncipe de Vergara, 254, Madrid",40.455672,-3.6768762,4.0,1507.0,1.0,"bar, restaurant, food, point_of_interest, establishment"
chamartín,Bayres Beef - Argentina en Tapas,"Calle de Pradillo, 6, Madrid",40.4482144,-3.6756197,4.5,1081.0,2.0,"restaurant, food, point_of_interest, establishment"
chamartín,La Taberna de Rafa,"Calle de Puerto Rico, 9, Madrid",40.4532519,-3.6746098,4.2,204.0,1.0,"bar, restaurant, food, point_of_interest, establishment"
chamartín,Go! Sushing Chamartín,"Calle de Víctor Andrés Belaunde, 1, Madrid",40.45440109999999,-3.679197799999999,4.5,268.0,2.0,"meal_delivery, meal_takeaway, restaurant, food, point_of_interest, establishment"
chamartín,Casa Ormaza,"Calle de la Infanta María Teresa, 15, Madrid",40.45416669999999,-3.6805556,4.5,477.0,2.0,"restaurant, food, point_of_interest, establishment"
chamartín,Restaurante Japonés Nipón Taro,"Calle de Víctor Andrés Belaunde, 1, Madrid",40.45440109999999,-3.679197799999999,4.5,610.0,2.0,"meal_takeaway, restaurant, food, point_of_interest, establishment"
tetuán,Asiatico Tesoro,"Calle Alonso Castrillo, 6, Madrid",40.459171,-3.69929,4.1,273.0,1.0,"restaurant, bar, point_of_interest, food, establishment"
tetuán,La Castañal Marisquería,"Calle de Berruguete, 78, Madrid",40.4599549,-3.705155000000001,4.6,1063.0,2.0,"restaurant, point_of_interest, food, establishment"
tetuán,Restaurante Ondiñas Do Mendo,"Calle de Villaamil, 4, Madrid",40.45683639999999,-3.705072899999999,4.4,3677.0,1.0,"restaurant, bar, point_of_interest, food, establishment"
tetuán,Domino's Pizza,"Calle de Francos Rodríguez, 36, Madrid",40.45644,-3.70469,3.9,990.0,1.0,"meal_delivery, meal_takeaway, restaurant, point_of_interest, food, establishment"
tetuán,Restaurante La Casita de los Arroces,"Calle Alonso Castrillo, 13, Madrid",40.4590063,-3.698192199999999,3.1,139.0,,"restaurant, point_of_interest, food, establishment"
tetuán,Marisquería Restaurante Riveira III,"Calle de Lope de Haro, 15, Madrid",40.456819,-3.703548,3.6,31.0,1.0,"restaurant, point_of_interest, food, establishment"
tetuán,Rodilla,"Calle de Bravo Murillo, 231, Madrid",40.457625,-3.701694,4.0,1386.0,1.0,"restaurant, meal_delivery, meal_takeaway, store, cafe, point_of_interest, food, establishment"
tetuán,Bar Restaurante Cononda,"Calle de la Hierbabuena, 3, Madrid",40.45951170000001,-3.7024209,4.4,155.0,1.0,"restaurant, bar, store, cafe, point_of_interest, food, establishment"
tetuán,Burger King,"Calle de Bravo Murillo, 222, Madrid",40.4579179,-3.700896199999999,4.2,2680.0,1.0,"meal_takeaway, restaurant, point_of_interest, food, establishment"
tetuán,Café Bar Alpy,"Calle de Mariano Fernández, 4, Madrid",40.4561327,-3.7027321,4.5,17.0,,"restaurant, bar, store, cafe, point_of_interest, food, establishment"
tetuán,Evin Kebap y Pizza,"Calle de Francos Rodríguez, 46, Madrid",40.4567358,-3.7058115,4.1,1013.0,1.0,"meal_delivery, meal_takeaway, restaurant, point_of_interest, food, establishment"
tetuán,Perla del Pacífico,"Calle de Francisco Medrano, 3, Madrid",40.4589427,-3.6995583,4.1,287.0,1.0,"restaurant, point_of_interest, food, establishment"
tetuán,Panadería Cafetería Audrey,"Calle de Bravo Murillo, 203, Madrid",40.455227,-3.7028454,3.6,332.0,1.0,"bakery, restaurant, store, point_of_interest, food, establishment"
tetuán,La Cuchara de Tetuán,"Calle de los Algodonales, 5, Madrid",40.4600576,-3.7002091,4.4,384.0,1.0,"restaurant, bar, point_of_interest, food, establishment"
tetuán,"Pizza HUT Francos Rodríguez, Madrid - Comida a Domicilio","Calle de Francos Rodríguez, 8, Madrid",40.4547585,-3.7034128,3.6,955.0,1.0,"meal_delivery, meal_takeaway, restaurant, point_of_interest, food, establishment"
tetuán,Restaurante Riveira I,"Calle de Pamplona, 35, Madrid",40.4552167,-3.706553,3.4,161.0,1.0,"restaurant, bar, store, cafe, point_of_interest, food, establishment"
tetuán,El Rincón de Tetuán,"Calle del Marqués de Viana, 11, Madrid",40.460943,-3.6995967,3.8,322.0,1.0,"restaurant, bar, point_of_interest, food, establishment"
tetuán,Mercado Municipal de San Enrique,"Calle de San Enrique, 16, Madrid",40.4558274,-3.700491399999999,4.3,501.0,1.0,"parking, restaurant, store, cafe, point_of_interest, food, establishment"
tetuán,Real Estambul,"Calle de Bravo Murillo, 193, Madrid",40.4546248,-3.702982699999999,4.2,1242.0,1.0,"restaurant, point_of_interest, food, establishment"
tetuán,Restaurante Andoriña,"Calle de Lérida, 92, Madrid",40.4588859,-3.6988934,4.4,468.0,1.0,"restaurant, point_of_interest, food, establishment"
fuencarral-el_pardo,Cocinamarinera,"Calle del Monasterio de las Batuecas, 13, Madrid",40.50302879999999,-3.704915,,,,"restaurant, food, point_of_interest, establishment"
fuencarral-el_pardo,La Mendozina,"Avenida del Monasterio de Silos, 20, Madrid",40.503402,-3.7083806,4.3,298.0,1.0,"meal_delivery, meal_takeaway, restaurant, food, point_of_interest, establishment"
fuencarral-el_pardo,El Pescador de Montecarmelo,"Avenida del Monasterio de Silos, 22, Madrid",40.503391,-3.707072,4.2,3026.0,2.0,"restaurant, bar, food, point_of_interest, establishment"
fuencarral-el_pardo,Restaurante GO! Sushing Montecarmelo,"Avenida del Monasterio de Silos, 11, Madrid",40.5038972,-3.7102591,4.2,342.0,2.0,"meal_takeaway, restaurant, food, point_of_interest, establishment"
fuencarral-el_pardo,Ciudad De La Raqueta,"Calle del Monasterio de El Paular, 2, Madrid",40.4998915,-3.711744799999999,4.2,3264.0,2.0,"restaurant, food, point_of_interest, establishment"
fuencarral-el_pardo,Bella Anna - BA | Restaurante Italiano Montecarmelo,"Avenida del Monasterio de Silos, 25, Madrid",40.5036066,-3.7053751,4.3,1403.0,2.0,"restaurant, food, point_of_interest, establishment"
fuencarral-el_pardo,El Mordisco Bar de Tapas Restaurant,"Avenida del Monasterio de Silos, 20, Madrid",40.50345519999999,-3.7082396,4.2,736.0,1.0,"restaurant, food, point_of_interest, establishment"
fuencarral-el_pardo,BaRRa de Pintxos Montecarmelo,"Avenida del Monasterio de El Escorial, 26, Madrid",40.50422080000001,-3.7059361,3.9,1238.0,2.0,"bar, restaurant, food, point_of_interest, establishment"
fuencarral-el_pardo,Telepizza Montecarmelo - Comida a Domicilio,"Calle del Monasterio de las Batuecas, 15, Madrid",40.503599,-3.7049937,2.9,441.0,1.0,"meal_delivery, meal_takeaway, restaurant, food, point_of_interest, establishment"
fuencarral-el_pardo,Rita Sibarita,"Calle del Monasterio de Las Huelgas, 13 Edif, Madrid",40.5013995,-3.707303,4.2,4865.0,2.0,"bar, restaurant, food, point_of_interest, establishment"
fuencarral-el_pardo,Gilda,"Calle del Monasterio de Las Huelgas, 13, Madrid",40.5017939,-3.7073771,4.7,140.0,,"restaurant, food, point_of_interest, establishment"
fuencarral-el_pardo,Chez Pepito Monasterio de Silos,"Avenida del Monasterio de Silos, 20, Madrid",40.5034819,-3.7086794,4.9,505.0,,"bar, restaurant, food, point_of_interest, establishment"
fuencarral-el_pardo,Pulperia casa Manolo S.L,"Avenida del Monasterio de Silos, 20, Madrid",40.5034819,-3.7086794,4.8,76.0,,"restaurant, food, point_of_interest, establishment"
fuencarral-el_pardo,Chez Carmelo,"Avenida del Monasterio de Silos, 20, Madrid",40.5034819,-3.7086794,4.6,100.0,,"bar, restaurant, food, point_of_interest, establishment"
fuencarral-el_pardo,Restaurante Funbar,"Calle del Monasterio de Las Huelgas, 15, Madrid",40.5024659,-3.7102058,4.5,154.0,,"restaurant, bar, food, point_of_interest, establishment"
fuencarral-el_pardo,Gave Mx Montecarmelo Restaurante Mexicano,"Avenida del Monasterio de Silos, 22, Madrid",40.5034467,-3.7077751,4.8,675.0,,"restaurant, food, point_of_interest, establishment"
fuencarral-el_pardo,Franguito - una casa portuguesa,"Avenida del Monasterio de Silos, 22, local 2, Madrid",40.5034259,-3.7076032,4.8,74.0,,"restaurant, food, point_of_interest, establishment"
fuencarral-el_pardo,Il Posto di Montecarmelo | restaurante italiano,"Calle del Monasterio de Las Huelgas, 21, Madrid",40.50374029999999,-3.7070227,4.6,73.0,,"restaurant, food, point_of_interest, establishment"
fuencarral-el_pardo,El Bistró de Montecarmelo,"Avenida del Santuario de Valverde, 4, Madrid",40.5042022,-3.7085692,4.8,33.0,,"restaurant, food, point_of_interest, establishment"
fuencarral-el_pardo,Foreman,"Avenida del Monasterio de Silos, 23, Madrid",40.5037044,-3.706559299999999,3.8,1550.0,1.0,"restaurant, cafe, bar, food, point_of_interest, establishment"
fuencarral-el_pardo,"Restaurante La Tagliatella | Montecarmelo, Madrid","Calle del Monasterio de Las Huelgas, 23, Madrid",40.50394059999999,-3.7069623,3.8,1132.0,2.0,"restaurant, food, point_of_interest, establishment"
fuencarral-el_pardo,La Retahila,"Avenida del Monasterio de El Escorial, 10, 12, Madrid",40.5043869,-3.7084302,4.1,827.0,1.0,"bar, restaurant, food, point_of_interest, establishment"
fuencarral-el_pardo,Restaurante Divina Dolores,"Avenida del Monasterio de El Escorial, 10, 12, Madrid",40.5043889,-3.708640399999999,4.6,1635.0,2.0,"restaurant, food, point_of_interest, establishment"
fuencarral-el_pardo,Restaurante Peregrino,"Avenida del Monasterio de El Escorial, 24, A, Madrid",40.5042329,-3.706946,4.3,2484.0,,"restaurant, bar, food, point_of_interest, establishment"
fuencarral-el_pardo,Cacharro Taberna Restaurante,"Avenida del Monasterio de El Escorial, 24, B, Madrid",40.5043484,-3.707249799999999,4.7,229.0,,"restaurant, food, point_of_interest, establishment"
fuencarral-el_pardo,Arrozitos & Más Montecarmelo,"Avenida del Monasterio de Silos, 11, Madrid",40.5039933,-3.7103742,4.8,80.0,,"restaurant, food, point_of_interest, establishment"
fuencarral-el_pardo,Ochenta Grados Montecarmelo,"Avenida del Monasterio de El Escorial, 26, Madrid",40.50432429999999,-3.7066154,4.5,1561.0,2.0,"restaurant, food, point_of_interest, establishment"
fuencarral-el_pardo,Taj Mahal,"Avenida del Monasterio de El Escorial, 26, Madrid",40.50424659999999,-3.7062221,4.8,105.0,,"restaurant, food, point_of_interest, establishment"
fuencarral-el_pardo,Restaurante Mar y Tierra Montecarmelo,"Avenida del Monasterio de El Escorial, 6, Local, Madrid",40.50450439999999,-3.710152899999999,4.3,1188.0,2.0,"restaurant, food, point_of_interest, establishment"
fuencarral-el_pardo,Arroceria Formentera,"Avenida del Monasterio de El Escorial, 6, Madrid",40.5044711,-3.710528699999999,4.4,1043.0,2.0,"restaurant, meal_delivery, food, point_of_interest, establishment"
fuencarral-el_pardo,Beermut bar,"Monasterios de Suso y Yuso,14 (Beermut bar Local, Madrid",40.50219479999999,-3.7045142,4.5,357.0,2.0,"bar, restaurant, food, point_of_interest, establishment"
fuencarral-el_pardo,The Antiquarian Bar,"Avenida del Monasterio de Silos, 29, Madrid",40.503572,-3.704488399999998,4.2,861.0,2.0,"bar, restaurant, food, point_of_interest, establishment"
fuencarral-el_pardo,Restaurante La Mala,"Avenida del Monasterio de El Escorial, 30, Madrid",40.5042244,-3.7044636,4.4,273.0,,"restaurant, food, point_of_interest, establishment"
fuencarral-el_pardo,Hamburguesería Buena Boca,"Avenida del Monasterio de El Escorial, 30, Madrid",40.5042171,-3.7042647,4.7,560.0,,"restaurant, food, point_of_interest, establishment"
fuencarral-el_pardo,Restaurante Ciudad de la Raqueta,"Calle del Monasterio de El Paular, 2, Madrid",40.4995667,-3.712750300000001,1.4,11.0,,"restaurant, food, point_of_interest, establishment"
fuencarral-el_pardo,La Pinseria di Galbani,"Calle del Monasterio de El Paular, 2, Madrid",40.4993456,-3.7129941,5.0,21.0,,"restaurant, food, point_of_interest, establishment"
fuencarral-el_pardo,Restaurante Mazal Drink&food,"Avenida del Monasterio de El Escorial, 33, Madrid",40.50445819999999,-3.7034098,4.7,1034.0,2.0,"restaurant, food, point_of_interest, establishment"
moncloa-aravaca,Café de Oriente,"Avenida de Juan de Herrera, 2, Madrid",40.4398452,-3.7294501,4.2,1987.0,3.0,"restaurant, food, point_of_interest, establishment"
latina,Rest-Bar Buen provecho,"Glorieta de los Carmenes, Madrid",40.3952819,-3.743160299999999,4.1,214.0,1.0,"bar, restaurant, food, point_of_interest, establishment"
latina,Burguer Kebap,"Calle del Concejal Francisco José Jiménez Martín, 122C, Madrid",40.4007778,-3.7453825,4.1,350.0,,"restaurant, food, point_of_interest, establishment"
latina,Mesón del Cordero,"Calle de la Alhambra, 80, Madrid",40.3967768,-3.744065199999999,3.9,1013.0,1.0,"restaurant, food, point_of_interest, establishment"
latina,Mesón El Molinero,"Calle de la Alhambra, 72, Madrid",40.3973946,-3.744272799999999,4.7,840.0,3.0,"restaurant, food, point_of_interest, establishment"
latina,Cervecería Miramar,"Glorieta de los Carmenes, 2, Madrid",40.39562550000001,-3.7440523,3.9,901.0,1.0,"restaurant, food, point_of_interest, establishment"
latina,The Good Chicken,"Glorieta de los Carmenes, 1, local 50, Madrid",40.39526779999999,-3.743066500000001,4.7,26.0,,"restaurant, food, point_of_interest, establishment"
latina,Chifa El Retable De Kelly,"Calle de Gallur, Madrid",40.395514,-3.742336,2.5,2.0,,"restaurant, food, point_of_interest, establishment"
latina,Deleite Perú,Madrid,40.3960707,-3.7486159,,,,"restaurant, food, point_of_interest, establishment"
latina,Restaurante Lopo Grill,"Avenida de Nuestra Señora de Valvanera, 316, Madrid",40.3945488,-3.7425023,4.4,698.0,1.0,"restaurant, food, point_of_interest, establishment"
latina,Casa Mari desde 2010,"Calle del Concejal Francisco José Jiménez Martín, 124, Madrid",40.40070609999999,-3.745645999999999,4.2,861.0,1.0,"restaurant, food, point_of_interest, establishment"
latina,Restaurante gb2,"Calle del Concejal Francisco José Jiménez Martín, 122B, Madrid",40.4007854,-3.7449804,4.2,487.0,1.0,"restaurant, food, point_of_interest, establishment"
latina,Food Paradise,"Calle de Gallur, 173, Madrid",40.3979867,-3.739543200000001,4.8,310.0,,"restaurant, food, point_of_interest, establishment"
latina,Cafetería Hospital de Cuidados La Laguna,"Calle del Concejal Francisco José Jiménez Martín, 128, Madrid",40.4007128,-3.747285500000001,4.2,5.0,,"restaurant, food, point_of_interest, establishment"
usera,Restaurante La Barca,"Avenida de Rafaela Ybarra, 10, Madrid",40.3824018,-3.711368099999999,4.0,363.0,1.0,"restaurant, food, point_of_interest, establishment"
usera,Restaurante Royal Cantonés,"Calle del Olvido, 92, Madrid",40.3830722,-3.7025694,4.3,3471.0,1.0,"restaurant, food, point_of_interest, establishment"
usera,Restaurante A'barca Muxia,"Calle de Dolores Barranco, 4, Madrid",40.3834426,-3.702716499999999,4.2,1418.0,2.0,"restaurant, food, point_of_interest, establishment"
usera,El Deseo,"Calle de Dolores Barranco, 51, Madrid",40.3830721,-3.7070699,4.2,112.0,1.0,"restaurant, bar, food, point_of_interest, establishment"
usera,Bar La estrella,"Calle de Ramón Luján, 108, Madrid",40.38206810000001,-3.7039727,4.6,172.0,1.0,"bar, restaurant, food, point_of_interest, establishment"
usera,"ESPECARVI, sl","Calle Cristo de la Victoria, 91, Madrid",40.38044319999999,-3.7031868,4.8,30.0,,"restaurant, store, food, point_of_interest, establishment"
usera,La Perla del Pacífico,"Avenida de Rafaela Ybarra, 37, Madrid",40.3829811,-3.7111184,4.2,1550.0,1.0,"meal_delivery, cafe, meal_takeaway, restaurant, store, food, point_of_interest, establishment"
usera,聚汇美食坊,"Calle de Ortiz Campos, 2, Madrid",40.38527370000001,-3.7070854,4.9,13.0,,"restaurant, food, point_of_interest, establishment"
usera,Bar La Peña Soriana,"Avenida de Rafaela Ybarra, 30, Madrid",40.38122769999999,-3.7113506,4.3,1075.0,1.0,"restaurant, liquor_store, bar, store, food, point_of_interest, establishment"
usera,Restaurante Vickar,"Calle de Isabelita Usera, 64, Madrid",40.38126099999999,-3.7075186,4.5,6.0,,"restaurant, food, point_of_interest, establishment"
usera,Sabores Masquetti,"Calle de Isabelita Usera, 75, local Izquierdo, Madrid",40.3801998,-3.707084699999999,4.0,21.0,,"bar, restaurant, food, point_of_interest, establishment"
usera,Bar Suma Meneces,"Calle Juan Salas, 15, Madrid",40.3803235,-3.707793299999999,4.6,68.0,,"cafe, bar, restaurant, store, food, point_of_interest, establishment"
usera,BBTO Sabor Carretillero,"Calle de Gabriel Usera, 67, Madrid",40.38271659999999,-3.7082069,4.0,120.0,,"restaurant, food, point_of_interest, establishment"
usera,嗨鸭,"Calle de Gabriel Usera, 67, Madrid",40.38271659999999,-3.7082069,4.1,17.0,,"restaurant, food, point_of_interest, establishment"
usera,Restaurante Chen Chongting,"Calle de Gabriel Usera, 67, Madrid",40.38271659999999,-3.7082069,3.0,5.0,,"restaurant, food, point_of_interest, establishment"
usera,Asador de Pollos Usera,"Plaza del Hidrogeno, 6, Madrid",40.3828408,-3.7078958,4.6,143.0,1.0,"restaurant, food, point_of_interest, establishment"
usera,Pinchos & Raciones El Tapeo,"Calle de Gabriel Usera, 72, Madrid",40.38278260000001,-3.708377,,,,"bar, restaurant, food, point_of_interest, establishment"
usera,Bar Marvi Cafe,"Calle Cristo de la Victoria, 112, Madrid",40.3796323,-3.705250699999999,4.6,72.0,1.0,"bar, cafe, restaurant, store, food, point_of_interest, establishment"
usera,Em Kebab Y Bar,"Calle Cristo de la Victoria, 112, Madrid",40.37965509999999,-3.7052077,3.5,13.0,,"restaurant, food, point_of_interest, establishment"
usera,King Döner Kebab,"Calle Cristo de la Victoria, 112, Madrid",40.37965509999999,-3.7052077,4.0,87.0,1.0,"restaurant, food, point_of_interest, establishment"
usera,御花园 Jardín Imperial,"Calle del Jaspe, 6, Madrid",40.3830187,-3.707238799999999,4.3,38.0,,"restaurant, food, point_of_interest, establishment"
usera,Bar Want Kee,"Calle Isidra Jiménez, 6, Madrid",40.38301990000001,-3.7064695,4.6,84.0,,"restaurant, food, point_of_interest, establishment"
usera,江南小吃,"Calle Isidra Jiménez, 6, Madrid",40.38304309999999,-3.7065275,5.0,1.0,,"restaurant, food, point_of_interest, establishment"
usera,HHAUYUNLAI,"Calle de Dolores Barranco, 45, Madrid",40.3831188,-3.706646399999999,3.1,53.0,,"restaurant, food, point_of_interest, establishment"
usera,Cuyna,"Calle de Ferroviarios, 102, Madrid",40.3817081,-3.7044579,2.8,5.0,,"restaurant, food, point_of_interest, establishment"
usera,Cocinas del Mundo,"Calle de Ferroviarios, 98, Madrid",40.3819786,-3.7045598,4.3,6.0,,"restaurant, food, point_of_interest, establishment"
usera,周家侨味 Restaurante QiaoWei,"Calle de Dolores Barranco, 41, Madrid",40.3831702,-3.706366899999999,4.9,14.0,,"restaurant, food, point_of_interest, establishment"
usera,El Bar Tapas,Spain,40.38306919999999,-3.7084323,4.1,12.0,1.0,"restaurant, food, point_of_interest, establishment"
usera,Bar mamá lety,"Calle de Ferroviarios, 98, Usera",40.38198989999999,-3.7045109,4.7,111.0,,"restaurant, food, point_of_interest, establishment"
usera,Sólo Bocatas,"Calle de Ferroviarios, 98, Madrid",40.38198989999999,-3.7045109,3.0,2.0,,"restaurant, food, point_of_interest, establishment"
usera,Burger Passion,"Calle de Ferroviarios, 98, Madrid",40.38198989999999,-3.7045109,2.4,5.0,,"restaurant, food, point_of_interest, establishment"
usera,Bar de tapas y raciones DyG,"Calle Cristo de la Victoria, 183, Madrid",40.3792134,-3.7053125,3.4,36.0,,"bar, restaurant, food, point_of_interest, establishment"
usera,"Cerveceria Restaurante ""El Barranco""","Plaza del Hidrogeno, Madrid",40.3832771,-3.707915,4.1,26.0,,"restaurant, food, point_of_interest, establishment"
usera,LOMITE,"Calle de Nicolás Sánchez, 71, Madrid",40.3830972,-3.705766299999999,4.2,159.0,1.0,"restaurant, food, point_of_interest, establishment"
usera,二师兄烧烤店 RESTAURANTE BBQ,"Calle de Nicolás Sánchez, 71, Madrid",40.3831094,-3.705695,4.2,24.0,,"restaurant, food, point_of_interest, establishment"
usera,广州美食 Restaurante Guangzhou Meishi,"Calle Justa García, local 3, Madrid",40.3827487,-3.7094455,4.6,28.0,,"restaurant, food, point_of_interest, establishment"
usera,Restaurante Marisco Guo Rong,"Calle de Dolores Barranco, 52, Madrid",40.38346579999999,-3.707069,4.1,793.0,1.0,"restaurant, food, point_of_interest, establishment"
usera,Guo Yuan Wai,"Calle de Dolores Barranco, 46, Madrid",40.383368,-3.706272499999999,4.1,14.0,,"restaurant, food, point_of_interest, establishment"
usera,RESTAURANTE GUANGZHUOU,"Calle de Dolores Barranco, 67, Madrid",40.3828439,-3.7093857,4.4,5.0,,"restaurant, food, point_of_interest, establishment"
usera,Restaurante Chino,"Calle de Dolores Barranco, 76, Madrid",40.3829874,-3.7092717,3.4,14.0,,"restaurant, food, point_of_interest, establishment"
usera,Restaurante Jin Gu,"Calle Perpetua Díaz, 37, Madrid",40.383236,-3.7089077,4.2,412.0,1.0,"restaurant, food, point_of_interest, establishment"
usera,Bar New Santina,"Calle Cristo de la Victoria, 77, Madrid",40.3799877,-3.7040003,3.8,10.0,,"bar, restaurant, food, point_of_interest, establishment"
usera,Döner Kebab Alam,"Calle de Mariano Vela, 51, Madrid",40.38266280000001,-3.709993600000001,3.8,42.0,1.0,"restaurant, food, point_of_interest, establishment"
usera,鸭博士 - 卤味食品 | YaBoShi Food,"Calle Perpetua Díaz, 30, Madrid",40.3833158,-3.7091333,5.0,3.0,,"restaurant, food, point_of_interest, establishment"
usera,La boutique de la sidra,"Calle de Isabelita Usera, 27, Madrid",40.3837198,-3.707756399999999,5.0,2.0,,"restaurant, food, point_of_interest, establishment"
usera,一家烧烤店,"Calle de Nicolás Sánchez, 63, Madrid",40.383581,-3.7057969,3.8,87.0,,"restaurant, food, point_of_interest, establishment"
usera,KungFu Noodle Usera 武功牛,"Calle de Nicolás Sánchez, 61, Madrid",40.38363030000001,-3.705861400000001,3.9,118.0,,"restaurant, food, point_of_interest, establishment"
usera,Cervecería - Bar Leonés,"Calle Cristo de la Victoria, 75, Madrid",40.3802054,-3.7036308,4.3,166.0,1.0,"bar, restaurant, food, point_of_interest, establishment"
usera,Restaurante TU LAO MAO,"Calle de Nicolás Usera, 71, Madrid",40.3834448,-3.705232699999999,4.8,109.0,,"restaurant, food, point_of_interest, establishment"
usera,Restaurante Meile,"邮政编码:, Calle de Nicolás Sánchez, Madrid",40.3837382,-3.7060232,4.1,60.0,,"restaurant, food, point_of_interest, establishment"
usera,Candente Café Gestion MAGARRI CRISTO,"Calle Cristo de la Victoria, 49, Madrid",40.3802876,-3.7034529,,,,"bar, restaurant, food, point_of_interest, establishment"
usera,Jin Yun Shao Bing,"Calle de Nicolás Sánchez, 59, Madrid",40.3837963,-3.705893,4.2,451.0,1.0,"restaurant, food, point_of_interest, establishment"
usera,Chic & Trick Bar-Restaurante,"Calle Cristo de la Victoria, 49, Madrid",40.380339,-3.7033883,4.6,371.0,1.0,"bar, restaurant, food, point_of_interest, establishment"
usera,Restaurante BAMMBAO,"Calle de Nicolás Sánchez, 54, Madrid",40.383862,-3.706068000000001,4.8,1597.0,1.0,"meal_delivery, restaurant, food, point_of_interest, establishment"
usera,El Mesón Guayaco,"Calle de Ramón Luján, 93, Madrid",40.3827446,-3.703965599999999,3.7,3.0,,"restaurant, food, point_of_interest, establishment"
usera,Barbacoa,"Calle de Dolores Barranco & Calle de Ferroviarios, Madrid",40.38334319999999,-3.7046326,3.6,200.0,,"bar, restaurant, food, point_of_interest, establishment"
usera,Usera,"con esquina, Calle de Dolores Barranco 24, calle ferroviaizios, 71, Madrid",40.3834525,-3.7046601,4.2,235.0,1.0,"restaurant, food, point_of_interest, establishment"
usera,Mikan Sushi,"Calle de Ramón Luján, 90, Madrid",40.3831148,-3.7041621,4.7,67.0,,"meal_takeaway, restaurant, food, point_of_interest, establishment"
usera,Bar - Restaurante Rouss,"28026, Calle Cristo de la Victoria, 47, Madrid",40.38047309999999,-3.703107400000001,4.5,478.0,2.0,"bar, restaurant, food, point_of_interest, establishment"
usera,Mesón Ocandil,"Calle de Mariano Vela, 52, Madrid",40.3831707,-3.7102618,3.7,51.0,,"restaurant, food, point_of_interest, establishment"
puente_de_vallecas,Centro Comercial Madrid Sur,"Avenida de Pablo Neruda, 91, Madrid",40.380979,-3.663015,3.9,9972.0,,"shopping_mall, pharmacy, supermarket, grocery_or_supermarket, travel_agency, clothing_store, restaurant, food, health, point_of_interest, store, establishment"
puente_de_vallecas,La Toledana,"Calle del Puerto de la Bonaigua, 58, Madrid",40.3855361,-3.666050000000001,5.0,2.0,,"restaurant, food, point_of_interest, establishment"
puente_de_vallecas,McDonald's,"Centro Comercial MadridSur, Avenida de Pablo Neruda, 91, Madrid",40.3816,-3.66378,3.5,1223.0,1.0,"restaurant, food, point_of_interest, establishment"
puente_de_vallecas,Cruz Blanca de Vallecas,"Calle de Carlos Martín Álvarez, 58, Madrid",40.3877686,-3.665022599999999,4.0,5816.0,2.0,"bar, restaurant, food, point_of_interest, establishment"
puente_de_vallecas,Entrecarbón,"Calle de Peña de la Atalaya, 86, Madrid",40.3856583,-3.667471299999999,4.5,592.0,1.0,"restaurant, food, point_of_interest, establishment"
puente_de_vallecas,La Terraza del Fogón,"Calle de Candilejas, 32, Madrid",40.385105,-3.6615571,4.1,1078.0,2.0,"restaurant, food, point_of_interest, establishment"
puente_de_vallecas,"Pintxoy...,","Calle de Candilejas, 14, Madrid",40.3855443,-3.6612559,4.4,473.0,1.0,"bar, restaurant, food, point_of_interest, establishment"
puente_de_vallecas,BAR LEANDRO,"Calle de los Hermanos Trueba, 89, Madrid",40.3877706,-3.6612258,3.9,512.0,1.0,"bar, restaurant, food, point_of_interest, establishment"
puente_de_vallecas,La hueca del Sanduchón,"Calle del Puerto de la Bonaigua, 32, Madrid",40.3871557,-3.664684099999999,4.2,17.0,,"restaurant, food, point_of_interest, establishment"
puente_de_vallecas,Restaurante El Conquistador,"Calle del Puerto de la Bonaigua, 32, Madrid",40.3871785,-3.6646609,3.9,818.0,,"restaurant, food, point_of_interest, establishment"
puente_de_vallecas,Cervecería Moreno,"Calle Sierra Nevada, 1, Madrid",40.3826066,-3.6639344,4.1,279.0,1.0,"bar, restaurant, food, point_of_interest, establishment"
puente_de_vallecas,Cervecería Restaurante,Spain,40.3874339,-3.6643943,3.9,10.0,,"restaurant, bar, food, point_of_interest, establishment"
puente_de_vallecas,Productos Típicos Extremeños,"Calle de Santa Alicia, 31, Madrid",40.38661699999999,-3.6654333,4.7,22.0,,"restaurant, food, point_of_interest, store, establishment"
puente_de_vallecas,Reencuentro boliviano,"Calle del Vizconde de Arlessón, 5, Madrid",40.3841001,-3.665888700000001,5.0,2.0,,"restaurant, food, point_of_interest, establishment"
puente_de_vallecas,Restaurante El Encuentro Boliviano,"Calle del Vizconde de Arlessón, 7, Madrid",40.3840786,-3.665917599999999,,,,"restaurant, food, point_of_interest, establishment"
puente_de_vallecas,Asador de Pollos San Ildefonso,"Calle de Carlos Martín Álvarez, 63, Madrid",40.3865549,-3.6657106,3.8,125.0,,"restaurant, food, point_of_interest, establishment"
puente_de_vallecas,MASALA kebap & parrilla turca,"Calle de Carlos Martín Álvarez, 82, Madrid",40.38667389999999,-3.665891999999999,4.5,495.0,1.0,"bar, restaurant, food, point_of_interest, establishment"
puente_de_vallecas,Cervecería Cafetería Miravalles,"Calle de Santa Alicia, 27, Madrid",40.3868017,-3.6657954,4.8,5.0,,"restaurant, food, point_of_interest, establishment"
puente_de_vallecas,Fire Cat Burguer,"Calle de Carlos Martín Álvarez, 76, Madrid",40.38694169999999,-3.665677999999999,4.5,110.0,1.0,"restaurant, food, point_of_interest, establishment"
puente_de_vallecas,Al Carbon Pizzas y Pollo,"Calle de Carlos Martín Álvarez, 92, Madrid",40.38639930000001,-3.6661809,4.7,161.0,,"meal_takeaway, restaurant, food, point_of_interest, establishment"
puente_de_vallecas,Real Döner Kebab,"Calle de Carlos Martín Álvarez, 60, Madrid",40.3875843,-3.6650943,3.6,84.0,1.0,"restaurant, food, point_of_interest, establishment"
puente_de_vallecas,Bar - Restaurante EI Bodegón,"Calle de Santa Alicia, 23, Madrid",40.386908,-3.6660265,2.0,2.0,,"restaurant, bar, food, point_of_interest, establishment"
puente_de_vallecas,Frutos Secos Pikoteo,"Calle del Doctor Sánchez, 20, Madrid",40.3826382,-3.6657524,4.8,88.0,,"restaurant, food, point_of_interest, store, establishment"
puente_de_vallecas,Restaurante San Diego de Guzmán SL,Madrid,40.3842976,-3.6669371,4.4,986.0,1.0,"bar, restaurant, food, point_of_interest, establishment"
puente_de_vallecas,Snack Bar Roby's,"Calle de Manuel Laguna, 30, Madrid",40.3820728,-3.6650831,4.1,39.0,,"bar, restaurant, food, point_of_interest, establishment"
puente_de_vallecas,Papa Johns Pizza,"Calle de Manuel Laguna, 7, Madrid",40.38195409999999,-3.6649056,3.3,205.0,1.0,"restaurant, food, point_of_interest, establishment"
puente_de_vallecas,Sabor Costeño Ecuatoriano,"Calle de Manuel Laguna, 30, Madrid",40.38204709999999,-3.665143100000001,3.9,177.0,1.0,"restaurant, food, point_of_interest, establishment"
puente_de_vallecas,KFC,"Centro Comercial Madrid Sur, Avenida de Pablo Neruda, 91, Madrid",40.3814515,-3.663816399999999,4.4,2235.0,1.0,"meal_delivery, meal_takeaway, restaurant, food, point_of_interest, establishment"
puente_de_vallecas,Restaurante Pancipelao,"Calle Sierra de Alquife, 26, Madrid",40.38805809999999,-3.665519599999999,3.9,946.0,1.0,"bar, restaurant, food, point_of_interest, establishment"
puente_de_vallecas,cartokas,"Calle de Carlos Martín Álvarez, Madrid",40.3887154,-3.664104599999999,,,,"restaurant, food, point_of_interest, establishment"
puente_de_vallecas,McDonald's Madrid Sur 2,"Avenida de Pablo Neruda, 91-97, Madrid",40.3810645,-3.662383300000001,1.0,2.0,1.0,"restaurant, food, point_of_interest, establishment"
puente_de_vallecas,J Joaquin,"Avenida de Pablo Neruda, 89, Madrid",40.38121859999999,-3.660648,3.7,456.0,1.0,"cafe, restaurant, food, point_of_interest, store, establishment"
puente_de_vallecas,Domino's Pizza,"CC MADRID SUR, Avenida de Pablo Neruda, 91, Madrid",40.381233,-3.66381,3.9,873.0,1.0,"meal_delivery, meal_takeaway, restaurant, food, point_of_interest, establishment"
puente_de_vallecas,algodón de azúcar,"Calle de Peña de la Atalaya, 86, Madrid",40.3856767,-3.667493,,,,"restaurant, food, point_of_interest, establishment"
puente_de_vallecas,La taberna de Bella 1,"Calle del Puerto de Arlabán, 18, Madrid",40.3881452,-3.6657579,4.9,7.0,,"restaurant, bar, food, point_of_interest, establishment"
puente_de_vallecas,+ Araque food,"Calle del Puerto de Arlabán, 18, Madrid",40.3881452,-3.6657579,5.0,2.0,,"restaurant, food, point_of_interest, establishment"
puente_de_vallecas,Sabores y sonrisas,"Calle del Vizconde de Arlessón, 31, Madrid",40.38299250000001,-3.666810500000001,4.9,23.0,,"restaurant, food, point_of_interest, establishment"
puente_de_vallecas,Sarema,"Avenida de Pablo Neruda, 91, Madrid",40.3810259,-3.6612858,,,,"restaurant, food, point_of_interest, establishment"
puente_de_vallecas,Arribi Gourmet,"Avenida de Pablo Neruda, 89B, Madrid",40.38121809999999,-3.6599081,4.5,278.0,,"bar, restaurant, food, point_of_interest, establishment"
moratalaz,Sabe a Peru Cocina Peruana,"Calle de la Cañada, 17, planta 0, Madrid",40.4049597,-3.645651099999999,4.3,575.0,1.0,"restaurant, food, point_of_interest, establishment"
moratalaz,Casa Lili,"Calle del Camino de los Vinateros, 163, Madrid",40.4060058,-3.6424324,4.0,346.0,1.0,"bar, restaurant, food, point_of_interest, establishment"
moratalaz,Mi Fresh Sushi,"Avenida de Moratalaz, 135, Madrid",40.4069441,-3.6489966,4.5,714.0,1.0,"restaurant, food, point_of_interest, establishment"
moratalaz,La Jamboteca Moratalaz,"Avenida de Moratalaz, 129, Madrid",40.4066315,-3.6492359,3.7,577.0,1.0,"bar, restaurant, food, point_of_interest, establishment"
moratalaz,Carnicería Sánchez Redondo,"Calle del Corregidor José de Pasamonte, 6, Madrid",40.4102036,-3.647655700000001,4.7,64.0,,"grocery_or_supermarket, liquor_store, restaurant, food, point_of_interest, store, establishment"
moratalaz,The Irish Temple,"Avenida de Moratalaz, 123, posterior, Madrid",40.4065749,-3.6499081,4.5,5115.0,,"restaurant, bar, food, point_of_interest, establishment"
moratalaz,Domino's Pizza,"Avenida de Moratalaz, 149, Madrid",40.40722,-3.64756,3.6,1198.0,1.0,"meal_delivery, meal_takeaway, restaurant, food, point_of_interest, establishment"
moratalaz,La Perla de Moratalaz - Restaurante Marisquería grupo Don José Restaurantes,"Avenida de Moratalaz, 185, Madrid",40.40899789999999,-3.6435629,3.6,673.0,1.0,"bar, restaurant, food, point_of_interest, establishment"
moratalaz,Bar-Café NIBUR,"Calle del Camino de los Vinateros, 116, Madrid",40.4071888,-3.6455689,4.1,68.0,1.0,"bar, cafe, liquor_store, restaurant, food, point_of_interest, store, establishment"
moratalaz,Perea,"Calle del Camino de los Vinateros, 148, Madrid",40.40608949999999,-3.645123299999999,4.1,199.0,1.0,"bar, night_club, restaurant, food, point_of_interest, establishment"
moratalaz,Restaurante Don José IV,"Avenida de Moratalaz, 149, Madrid",40.4073252,-3.647643799999999,3.8,628.0,2.0,"restaurant, cafe, bar, food, point_of_interest, store, establishment"
moratalaz,Cervecería Valhalla,"Calle de la Marroquina, 40, Madrid",40.4078701,-3.6476679,4.0,539.0,1.0,"bar, restaurant, food, point_of_interest, establishment"
moratalaz,100 Montaditos,"Avenida de Moratalaz, 149, Madrid",40.4074529,-3.647703299999999,3.2,185.0,,"bar, restaurant, food, point_of_interest, establishment"
moratalaz,Brewery Norwich International,"Calle de la Marroquina, 38, Madrid",40.4078253,-3.6477554,4.3,1029.0,1.0,"bar, restaurant, food, point_of_interest, establishment"
moratalaz,MERAKI Lonja,"Calle de la Marroquina, 36, Madrid",40.407872,-3.6479534,5.0,8.0,,"bar, restaurant, food, point_of_interest, establishment"
moratalaz,El Refugio de Vinateros 28,"Calle de la Marroquina, 36, Madrid",40.407872,-3.6479534,4.3,329.0,2.0,"restaurant, food, point_of_interest, establishment"
moratalaz,El capricho de Martín,"Calle del Camino de los Vinateros, 127, Madrid",40.40643449999999,-3.643188799999999,4.4,162.0,2.0,"bar, restaurant, food, point_of_interest, establishment"
moratalaz,Fikafé coffee bar & bakery,"Avenida de Moratalaz, 187, Madrid",40.40908489999999,-3.6434016,4.7,286.0,,"bakery, bar, restaurant, food, point_of_interest, store, establishment"
moratalaz,Hannover Restaurant,"Calle de la Marroquina, 34, Madrid",40.4077433,-3.648362799999999,3.9,1537.0,1.0,"restaurant, cafe, food, point_of_interest, store, establishment"
moratalaz,Cervecería Don José I,"Calle del Camino de los Vinateros, 105, Madrid",40.4091088,-3.647637599999999,4.0,399.0,1.0,"bar, restaurant, food, point_of_interest, establishment"
moratalaz,Palique Lonja,"Avenida de Moratalaz, 141, Posterior, Madrid",40.4071703,-3.6484141,4.3,309.0,,"bar, restaurant, food, point_of_interest, establishment"
moratalaz,Cervecería La Oficina,"Calle de la Marroquina, 28, Madrid",40.4075084,-3.6487334,3.7,443.0,1.0,"bar, restaurant, food, point_of_interest, establishment"
moratalaz,Las Lonjas de Moratalaz,"Las Lonjas, Madrid",40.40719989999999,-3.6487427,4.4,1795.0,,"bar, restaurant, food, point_of_interest, establishment"
moratalaz,Carnicería Los Menéndez,"Calle Pico de los Artilleros, 58, Madrid",40.4074981,-3.640949,4.7,18.0,,"restaurant, store, food, point_of_interest, establishment"
moratalaz,Kebab lonja Moratalaz,"Avenida de Moratalaz 137 posterior lonja local 8, Madrid",40.4070274,-3.648772399999999,2.9,94.0,,"restaurant, food, point_of_interest, establishment"
moratalaz,Bar Lorena 57,"Calle de la Cañada, 17, Madrid",40.4049597,-3.645651099999999,4.5,40.0,,"bar, restaurant, food, point_of_interest, establishment"
moratalaz,Pizzeria Las Tapas,"Calle de la Marroquina, 26, Madrid",40.4074823,-3.6489774,4.2,327.0,1.0,"restaurant, food, point_of_interest, establishment"
moratalaz,La Birra Lonja,"Calle de la Marroquina, 24, Madrid",40.4072647,-3.648993899999999,3.7,218.0,1.0,"restaurant, bar, food, point_of_interest, establishment"
moratalaz,Pollos La Cañada,"Calle de la Cañada, 32, Madrid",40.4049782,-3.644173900000001,4.3,1047.0,1.0,"restaurant, food, point_of_interest, establishment"
moratalaz,Cervecería Terraza El Ricon del Paladar,"Calle del Camino de los Vinateros, 99, Madrid",40.40936230000001,-3.6484051,4.1,379.0,1.0,"bar, restaurant, food, point_of_interest, establishment"
moratalaz,KuboKing Las Lonjas,"Calle de la Marroquina, 22, Madrid",40.4072874,-3.6492908,4.8,29.0,,"bar, restaurant, food, point_of_interest, establishment"
moratalaz,Gost Lonja,"Calle de la Marroquina, 20, Madrid",40.40711779999999,-3.6493432,3.8,1058.0,,"restaurant, bar, food, point_of_interest, establishment"
moratalaz,DÓNDE NATI,"Calle de la Marroquina, 57, Madrid",40.4103125,-3.6473265,4.9,18.0,,"cafe, bar, restaurant, store, food, point_of_interest, establishment"
moratalaz,Nachos & burger Co.,"La Lonja de, Calle de la Marroquina, 24, posterior, Madrid",40.4066805,-3.649336400000001,1.9,25.0,,"restaurant, food, point_of_interest, establishment"
moratalaz,El Jardín Secreto 28030,"Calle de la Hacienda de Pavones, 83, Madrid",40.40444189999999,-3.6463991,4.4,1003.0,2.0,"restaurant, food, point_of_interest, establishment"
moratalaz,Bar Cafetería Eva Moratalaz,"Calle de la Cañada, 8, Madrid",40.4044761,-3.6441819,4.4,327.0,1.0,"bar, cafe, restaurant, store, food, point_of_interest, establishment"
moratalaz,Bar El Encuentro,"Calle Pico de los Artilleros, 18, Madrid",40.40854969999999,-3.641258099999999,4.1,144.0,1.0,"bar, restaurant, food, point_of_interest, establishment"
moratalaz,Café Bar Las Peñas,"Calle del Camino de los Vinateros, 169, Local, Madrid",40.4056564,-3.641830199999999,4.1,109.0,,"bar, restaurant, food, point_of_interest, establishment"
moratalaz,Cafetería de Mijares,"Calle de la Marroquina, 14, Madrid",40.4072497,-3.650105599999999,4.0,261.0,1.0,"restaurant, cafe, store, food, point_of_interest, establishment"
moratalaz,Darts Club Bare Nostrum,"Avenida de Moratalaz, 121, Madrid",40.40654550000001,-3.6499998,4.5,911.0,1.0,"bar, restaurant, food, point_of_interest, establishment"
moratalaz,La Tartufina,"Moratalaz, Calle de la Marroquina, 12, posterior, Madrid",40.4069682,-3.6501681,4.7,119.0,,"restaurant, food, point_of_interest, establishment"
moratalaz,Moraima Lonja,"Calle de la Marroquina, 10, posterior, Madrid",40.40689649999999,-3.6503322,4.4,861.0,,"bar, restaurant, food, point_of_interest, establishment"
moratalaz,Guacha Bar,"Calle de la Marroquina, 8 post, Madrid",40.4068052,-3.6503689,4.6,1369.0,1.0,"bar, restaurant, food, point_of_interest, establishment"
moratalaz,Kebab Moha,"Calle de la Hacienda de Pavones, Madrid",40.4052173,-3.6494276,4.8,27.0,,"restaurant, food, point_of_interest, establishment"
moratalaz,Kebab Pavones,"Calle de la Hacienda de Pavones, 7, Madrid",40.4052109,-3.6494387,4.4,267.0,1.0,"restaurant, food, point_of_interest, establishment"
moratalaz,CUARTOPIZZA,"Calle de la Hacienda de Pavones, 13, Madrid",40.40474889999999,-3.6488991,5.0,45.0,,"restaurant, food, point_of_interest, establishment"
moratalaz,Restaurante Don José II,"Calle de la Hacienda de Pavones, 11, Madrid",40.40494,-3.649192899999999,3.8,1236.0,1.0,"restaurant, cafe, bar, store, food, point_of_interest, establishment"
moratalaz,Restaurante Don José III,"Don José III, Calle de la Hacienda de Pavones, 7, Madrid",40.4052365,-3.6495502,3.9,732.0,1.0,"restaurant, meal_delivery, cafe, food, point_of_interest, establishment"
moratalaz,KAWA SUSHI,"Calle del Corregidor José de Pasamonte, 33, Madrid",40.41143109999999,-3.6469925,3.3,93.0,,"restaurant, food, point_of_interest, establishment"
moratalaz,Bar Restaurante Cervecería La Esquinita,"Calle del Corregidor José de Pasamonte, 5, Madrid",40.4105254,-3.6491068,3.3,8.0,,"restaurant, food, point_of_interest, establishment"
moratalaz,Bar Villena Café,"Calle del Corregidor Alonso de Tobar, 18, Local, Madrid",40.403941,-3.648205000000001,4.0,189.0,1.0,"bar, cafe, store, restaurant, food, point_of_interest, establishment"
moratalaz,Azul y Oro,"Avenida de Moratalaz, 115, Madrid",40.4064268,-3.6507624,4.0,626.0,2.0,"bar, restaurant, food, point_of_interest, establishment"
moratalaz,Delicatessen Sohe Internacional S.L,"Calle del Arroyo de las Pilillas, 16, Local 16, Madrid",40.4077739,-3.6509969,5.0,39.0,,"restaurant, food, point_of_interest, establishment"
moratalaz,Kebab El Divino,"Calle de la Hacienda de Pavones, 12, Madrid",40.4037655,-3.647863499999999,3.2,13.0,,"restaurant, food, point_of_interest, establishment"
moratalaz,Restaurante la Tapita de Merlo,"Calle de la Hacienda de Pavones, 12, Madrid",40.4037249,-3.6477914,4.3,45.0,,"restaurant, food, point_of_interest, establishment"
moratalaz,Canalla izakaya,"Calle Pico de los Artilleros, 86, Madrid",40.4062379,-3.6399256,4.6,9.0,,"restaurant, food, point_of_interest, establishment"
moratalaz,QMG Dehesa Bar Restaurante,"Avenida del Doctor García Tapia, 117, Madrid",40.4111769,-3.642023500000001,,,,"restaurant, bar, food, point_of_interest, establishment"
moratalaz,snaia svaty duch,Madrid,40.4072602,-3.6395141,,,,"restaurant, food, point_of_interest, establishment"
ciudad_lineal,El Pitaco,"Avenida de Badajoz, 25, Madrid",40.4438705,-3.649944,4.7,733.0,2.0,"restaurant, food, point_of_interest, establishment"
ciudad_lineal,Ribs,"Calle de Gregorio Benítez, 4, Madrid",40.4495707,-3.649784,4.6,5075.0,2.0,"restaurant, food, point_of_interest, establishment"
ciudad_lineal,Domino's Pizza,"Calle de Agastia, 42, Madrid",40.44549999999999,-3.6509,4.1,1368.0,1.0,"meal_delivery, meal_takeaway, restaurant, food, point_of_interest, establishment"
ciudad_lineal,Viena Capellanes,"Calle de la Condesa de Venadito, 14, Madrid",40.4441991,-3.6539439,4.2,199.0,,"bakery, cafe, health, store, restaurant, food, point_of_interest, establishment"
ciudad_lineal,Fredy's Restaurante Cafeteria,"Calle de la Condesa de Venadito, 5, Madrid",40.4445415,-3.654367299999999,3.7,644.0,1.0,"bar, restaurant, food, point_of_interest, establishment"
ciudad_lineal,Bar restaurante La Boulé,"Calle de Emilio Vargas, 11, Madrid",40.4485511,-3.653327599999999,4.1,1208.0,1.0,"restaurant, food, point_of_interest, establishment"
ciudad_lineal,By The Way,"Calle de Josefa Valcárcel, 10, Madrid",40.4481544,-3.6480725,4.2,1594.0,2.0,"restaurant, bar, store, food, point_of_interest, establishment"
ciudad_lineal,Telepizza,"Calle de Josefa Valcárcel, 8, Madrid",40.4479922,-3.6484772,3.4,255.0,1.0,"meal_delivery, meal_takeaway, restaurant, food, point_of_interest, establishment"
ciudad_lineal,Burger King,"Calle de la Condesa de Venadito, 1, Madrid",40.4438222,-3.656696199999999,3.8,2138.0,1.0,"meal_takeaway, restaurant, food, point_of_interest, establishment"
ciudad_lineal,VIPS,"Calle de la, Calle de la Condesa de Venadito, 5, Madrid",40.444721,-3.654102999999999,3.9,2588.0,2.0,"restaurant, meal_takeaway, food, point_of_interest, establishment"
ciudad_lineal,Arturo Soria Plaza,"Metro Arturo Soria L4 - Autobús Línea 70, Calle de Arturo Soria, 126, Madrid",40.4497448,-3.6511624,4.1,15087.0,,"shopping_mall, florist, supermarket, cafe, grocery_or_supermarket, jewelry_store, clothing_store, beauty_salon, bar, store, restaurant, food, point_of_interest, establishment"
ciudad_lineal,Restaurante China Peonia,"Calle de Amara, 2, Madrid",40.4447696,-3.649859700000001,3.9,361.0,1.0,"meal_delivery, meal_takeaway, bar, restaurant, food, point_of_interest, establishment"
ciudad_lineal,El comedor de Amara,"Calle de Amara, 1, Madrid",40.44505720000001,-3.650321899999999,4.3,435.0,1.0,"restaurant, food, point_of_interest, establishment"
ciudad_lineal,Emyfa Arturo Soria,"Calle de Arturo Soria, 126, Madrid",40.4499302,-3.6511499,3.8,912.0,1.0,"restaurant, food, point_of_interest, establishment"
ciudad_lineal,Tsukiji Sushi Bar,"Calle de la Madre Antonia París, 6, Madrid",40.4452172,-3.6512922,4.7,295.0,1.0,"restaurant, food, point_of_interest, establishment"
ciudad_lineal,Restaurante La Tortilla,"Calle de la Condesa de Venadito, 26, Madrid",40.4456216,-3.651010099999999,4.2,1664.0,,"restaurant, food, point_of_interest, establishment"
ciudad_lineal,Casa Moraleda Madrid - Cocido madrileño en Arturo Soria (Ciudad Lineal),"Calle de Agastia, 48, Madrid",40.446257,-3.6516583,4.4,301.0,,"restaurant, bar, food, point_of_interest, establishment"
ciudad_lineal,𝐍𝐎 𝐒𝐎𝐋𝐎 𝐏𝐈𝐙𝐙𝐀,"Calle de la Condesa de Venadito, 16, Madrid",40.4444762,-3.653517700000001,4.9,169.0,,"meal_delivery, meal_takeaway, restaurant, food, point_of_interest, establishment"
ciudad_lineal,Saona Condesa de Venadito,"Calle de la Condesa de Venadito, 5A, Madrid",40.44477500000001,-3.6539466,4.3,2089.0,2.0,"restaurant, food, point_of_interest, establishment"
ciudad_lineal,Restaurante Victoria,"Calle condesa de venadito, Calle de Torrelaguna, 5, izquierda, Madrid",40.44448879999999,-3.6545566,3.2,52.0,,"restaurant, food, point_of_interest, establishment"
ciudad_lineal,Bar America,"Calle de la Condesa de Venadito, 12, Madrid",40.44404109999999,-3.654279100000001,4.1,145.0,,"bar, bakery, liquor_store, store, restaurant, food, point_of_interest, establishment"
ciudad_lineal,Robledo Roasted Chickens,"Calle de Aristóteles, 4, Madrid",40.44300169999999,-3.6522344,4.5,262.0,1.0,"restaurant, food, point_of_interest, establishment"
ciudad_lineal,Tambarón,"Calle de Aristóteles, 6, Madrid",40.4428574,-3.6520955,4.5,186.0,1.0,"bar, restaurant, food, point_of_interest, establishment"
ciudad_lineal,Belvedere Restaurante en Madrid,"Calle de Torrelaguna, 69, Madrid",40.4442661,-3.6548741,3.5,634.0,2.0,"restaurant, food, point_of_interest, establishment"
ciudad_lineal,Bingo Pegaso,"Calle de Arturo Soria, 99, Madrid",40.4487495,-3.651697800000001,3.4,394.0,,"restaurant, food, point_of_interest, establishment"
ciudad_lineal,Spring 椿,"Calle de Arturo Soria, 99, Madrid",40.4487976,-3.651326099999999,5.0,64.0,,"restaurant, food, point_of_interest, establishment"
ciudad_lineal,Cafeteria Loor,"Calle de Arturo Soria, 99, Madrid",40.4487976,-3.651326099999999,4.7,13.0,,"meal_takeaway, restaurant, food, point_of_interest, establishment"
ciudad_lineal,Nueva Valencita,"Calle de Carlota O’Neill, 7, Madrid",40.4420707,-3.6518532,4.3,377.0,1.0,"bar, restaurant, food, point_of_interest, establishment"
ciudad_lineal,Donde Orlando Bar Restaurante Cocina De Mercado,"Calle de Juan Pérez Zúñiga, 27, Madrid",40.44263,-3.649080000000001,4.6,25.0,,"restaurant, food, point_of_interest, establishment"
ciudad_lineal,La Tagliatella Restaurant,"Calle de la Condesa de Venadito, 1, Madrid",40.4441289,-3.6560066,4.4,2944.0,2.0,"restaurant, food, point_of_interest, establishment"
ciudad_lineal,Kimchi,"Ground Floor, Calle de Martínez Villergas, 52, Building A, Madrid",40.44524899999999,-3.6566061,2.3,11.0,,"restaurant, food, point_of_interest, establishment"
ciudad_lineal,Lago,"Calle de Juan Pérez Zúñiga, 19, Posterior, Madrid",40.4422829,-3.6490562,4.5,78.0,1.0,"bar, restaurant, food, point_of_interest, establishment"
ciudad_lineal,Cafetería Oveja que bala,"Calle de Agastia, 72, Madrid",40.4489955,-3.6537875,4.3,310.0,1.0,"cafe, restaurant, food, point_of_interest, establishment"
ciudad_lineal,Cuco's,"Calle de Emilio Vargas, 1, Madrid",40.4474616,-3.656197099999999,3.9,569.0,1.0,"restaurant, food, point_of_interest, establishment"
ciudad_lineal,Mamma Ke Pizza,"Calle del Caribe, 4, Madrid",40.44256249999999,-3.6553389,4.7,705.0,,"restaurant, food, point_of_interest, establishment"
ciudad_lineal,Vait,"Calle de Arturo Soria, 126, Madrid",40.44983759999999,-3.6503445,3.3,557.0,2.0,"bakery, store, restaurant, food, point_of_interest, establishment"
ciudad_lineal,Mesón De Marcos,"Calle del Caribe, 4, Madrid",40.442466,-3.6555528,4.3,279.0,1.0,"restaurant, food, point_of_interest, establishment"
ciudad_lineal,Restaurante Aranaz,"Calle del General Aranaz, 93, Madrid",40.44808099999999,-3.6471797,4.3,385.0,2.0,"restaurant, food, point_of_interest, establishment"
ciudad_lineal,Pícaro Restobar,"Calle de Torrelaguna, 64, Madrid",40.4480908,-3.6564935,4.0,1585.0,2.0,"bar, restaurant, food, point_of_interest, establishment"
hortaleza,Madre Mía,"Calle del Mar de Aral, 16, Madrid",40.4743861,-3.6428724,4.1,341.0,1.0,"meal_delivery, restaurant, point_of_interest, food, establishment"
hortaleza,Cafetería Restaurante Plaza 22,"Calle Belianes, 22, Madrid",40.4701812,-3.6455423,4.0,224.0,1.0,"restaurant, point_of_interest, food, establishment"
hortaleza,Pizza Delizia,"Calle del Mar Caspio, 19, Madrid",40.4738615,-3.646024799999999,4.2,237.0,1.0,"meal_delivery, meal_takeaway, restaurant, point_of_interest, food, establishment"
hortaleza,Bengal Doner Kebab,"Calle de Santa Susana, 27, Madrid",40.4770883,-3.646150399999999,3.7,329.0,1.0,"restaurant, point_of_interest, food, establishment"
hortaleza,Telechino feliz,"Avenida de la Virgen del Carmen, 49, Madrid",40.4753528,-3.6492802,2.8,139.0,1.0,"meal_delivery, restaurant, bar, point_of_interest, food, establishment"
hortaleza,Hostal El Descanso - Hoteles Libres de Comisiones,"Calle Rogelio Muñoz, 2, Madrid",40.47233,-3.643549999999999,3.5,269.0,,"lodging, restaurant, point_of_interest, food, establishment"
hortaleza,Los Arcos,"Calle Belianes, 5, Madrid",40.4703602,-3.645421900000001,4.5,425.0,1.0,"restaurant, point_of_interest, food, establishment"
hortaleza,City de Oro,"Avenida de la Virgen del Carmen, 49, Madrid",40.4753341,-3.6492677,3.3,16.0,,"restaurant, point_of_interest, food, establishment"
hortaleza,Telepizza Mar de Kara - Comida a Domicilio,"Calle del Mar de Kara, 1, Madrid",40.4710989,-3.644413499999999,3.4,742.0,1.0,"meal_delivery, meal_takeaway, restaurant, point_of_interest, food, establishment"
hortaleza,The Chicken House,"Calle Yarumal, 6, Local 3, Madrid",40.47440580000001,-3.6399341,4.5,141.0,1.0,"meal_takeaway, restaurant, point_of_interest, food, establishment"
hortaleza,Bar Bocata To Go,"Calle Arzúa, 41, Madrid",40.4738986,-3.6469891,4.0,44.0,1.0,"bar, liquor_store, restaurant, store, cafe, point_of_interest, food, establishment"
hortaleza,BAR RESTAURANTE LO NUESTRO,"Calle Arzúa, 37, posterior, Madrid",40.4741087,-3.647221799999999,4.5,122.0,1.0,"restaurant, point_of_interest, food, establishment"
hortaleza,Taberna El Silo,"Calle del Mar de Aral, 7, Madrid",40.4746496,-3.6438484,4.6,321.0,1.0,"restaurant, point_of_interest, food, establishment"
hortaleza,Nelly' Bar,"Calle del Mar de Aral, 6, Madrid",40.4743639,-3.6438133,4.0,400.0,1.0,"restaurant, bar, point_of_interest, food, establishment"
hortaleza,Restaurante Casa Florencio,"Calle del Mar Caspio, 39, Madrid",40.4734574,-3.6435643,4.4,988.0,2.0,"restaurant, bar, point_of_interest, food, establishment"
hortaleza,Mesón Sidrería Arturo,"Calle del Mar de Bering, 9, Madrid",40.472978,-3.6414732,4.5,839.0,2.0,"restaurant, point_of_interest, food, establishment"
hortaleza,Istambul Doner Kebab Hortaleza,"Avenida de la Virgen del Carmen, 55, Madrid",40.4753487,-3.648767299999999,4.0,114.0,,"restaurant, point_of_interest, food, establishment"
hortaleza,Restaurante Z2,"Calle de Santa Virgilia, 3A, Madrid",40.47724279999999,-3.6448424,3.8,911.0,1.0,"restaurant, bar, store, cafe, point_of_interest, food, establishment"
hortaleza,Caral gourmet,"Calle Mar Mediterráneo, 1, Local, Madrid",40.4737419,-3.6422829,,,,"restaurant, point_of_interest, food, establishment"
hortaleza,Cafetería Los Arcos,"Calle de Santa Virgilia, 3, Madrid",40.47743639999999,-3.644852799999999,4.2,711.0,1.0,"restaurant, store, cafe, point_of_interest, food, establishment"
villaverde,Bitpollo al Carbón,"Calle Moncada, 122, Madrid",40.3408844,-3.6916252,4.3,56.0,,"restaurant, food, point_of_interest, establishment"
villaverde,Bar Cafeteria Las Torres,"Plaza Pinazo, 12, Madrid",40.34213029999999,-3.6917697,4.0,4.0,,"restaurant, food, point_of_interest, establishment"
villaverde,Restaurante la cabaña,"Plaza Pinazo, 13, Madrid",40.3421482,-3.69196,4.1,137.0,1.0,"restaurant, food, point_of_interest, establishment"
villaverde,La ZETA- Bar & Grill,"Plaza Pinazo, 24, Madrid",40.34227660000001,-3.6918597,4.2,22.0,,"bar, restaurant, food, point_of_interest, establishment"
villaverde,Spice Kebab,"Plaza Pinazo, 23, Madrid",40.3424001,-3.691729099999999,4.1,113.0,1.0,"restaurant, food, point_of_interest, establishment"
villaverde,La Torre | Parrilla Ecuatoriana,"Calle de Godella, 171, Madrid",40.34014799999999,-3.6880461,4.5,111.0,,"restaurant, food, point_of_interest, establishment"
villaverde,Cafetería restaurante el siguiente,"Plaza Pinazo, 211, Madrid",40.3432582,-3.691575299999999,4.2,30.0,,"restaurant, food, point_of_interest, establishment"
villaverde,Churreria cafeteria Los Suarez,"Plaza Pinazo, 210, Madrid",40.3432938,-3.6913087,5.0,2.0,,"restaurant, food, point_of_interest, establishment"
villaverde,Taberna Parrilla Argentina,"Calle Hidratos, 5, Madrid",40.3369992,-3.694463,4.1,222.0,,"restaurant, food, point_of_interest, establishment"
villaverde,Restaurante Casa Domingo,"Calle de San Dalmacio, 5, Madrid",40.34353289999999,-3.693493899999999,4.3,199.0,1.0,"restaurant, food, point_of_interest, establishment"
villaverde,Mundo Kebab San Cristobal Madrid,"Plaza Paloma de la Paz, 2, Madrid",40.3425498,-3.6879474,4.0,27.0,,"restaurant, food, point_of_interest, establishment"
villaverde,Restaurante Panivino,"Calle de la Resina, 4, Madrid",40.3362674,-3.6945168,4.0,863.0,1.0,"bar, restaurant, food, point_of_interest, establishment"
villaverde,Tresas Restaurantes S L,"Avenida de Andalucía, 0, Madrid",40.3362212,-3.694493800000001,3.7,7.0,,"restaurant, food, point_of_interest, establishment"
villaverde,LoisJKAXcopAHarris,"Calle San Norberto, 3, Madrid",40.3431665,-3.6960042,,,,"restaurant, food, point_of_interest, establishment"
villa_de_vallecas,Asador Lorena,"Calle Martín Muñoz de las Posadas, 10, Madrid",40.37542,-3.627100599999999,4.5,285.0,1.0,"meal_takeaway, restaurant, point_of_interest, food, establishment"
villa_de_vallecas,Bar el Ensanche,"Calle Cabeza Mesada, 19, Madrid",40.3755896,-3.6279284,4.3,421.0,1.0,"restaurant, bar, point_of_interest, food, establishment"
villa_de_vallecas,Domino’s Pizza,"Calle de Valderrebollo, 1, Madrid",40.3744359,-3.627470799999999,4.0,541.0,1.0,"restaurant, point_of_interest, food, establishment"
villa_de_vallecas,Figueiras Burgers,"Calle Rozas de Puerto Real, 7, Madrid",40.376302,-3.6269317,4.5,199.0,,"restaurant, point_of_interest, food, establishment"
villa_de_vallecas,Restaurante Amordmadre,"Calle de la Sierra de Palomeras, 40, Madrid",40.3745869,-3.6264629,4.4,2397.0,2.0,"restaurant, bar, point_of_interest, food, establishment"
villa_de_vallecas,Papa Johns Pizza,"Calle de Valderrebollo, 1, Madrid",40.3738604,-3.627471399999999,3.0,654.0,1.0,"meal_takeaway, restaurant, point_of_interest, food, establishment"
villa_de_vallecas,SNACK'NROLL,"Calle Navamures, 9, Madrid",40.3735121,-3.627081800000001,,,,"restaurant, point_of_interest, food, establishment"
villa_de_vallecas,Restaurante Asiático Ches,"Calle de San Jaime, 2, Madrid",40.3773905,-3.6297172,4.2,826.0,1.0,"restaurant, point_of_interest, food, establishment"
villa_de_vallecas,Bar Restaurante La paella de Dolores,"Calle de la Sierra Vieja, 48, Madrid",40.3774611,-3.6255171,4.3,916.0,1.0,"restaurant, bar, point_of_interest, food, establishment"
villa_de_vallecas,Cafetería Cervecería Ligeth,"Calle Almonte, 19, Madrid",40.37270589999999,-3.6290629,4.0,227.0,1.0,"bar, restaurant, point_of_interest, food, establishment"
villa_de_vallecas,Sikresa,"Carretera Villaverde a Vallecas, 295, Madrid",40.3763592,-3.6317525,4.0,1.0,,"restaurant, point_of_interest, food, establishment"
villa_de_vallecas,LLAYTA MASIS,"Camino de las Hormigueras, 175, Madrid",40.37724859999999,-3.631211299999999,,,,"restaurant, liquor_store, bar, store, point_of_interest, food, establishment"
villa_de_vallecas,Restaurante Salones Danser,"Calle de San Jaime, 36, Madrid",40.37878680000001,-3.627995499999999,4.1,8.0,,"restaurant, point_of_interest, food, establishment"
villa_de_vallecas,Pizzería Carlos,"Calle de San Jaime, 15, Madrid",40.3791595,-3.6280273,4.2,343.0,1.0,"meal_delivery, restaurant, point_of_interest, food, establishment"
villa_de_vallecas,La Marmita de vallecas,"Camino de las Hormigueras, 178, Nave 9, Madrid",40.3769607,-3.632541,4.1,266.0,1.0,"restaurant, point_of_interest, food, establishment"
villa_de_vallecas,Restaurante Canalejas,"Calle de Fuentidueña, 21, Madrid",40.3735778,-3.622699000000001,4.1,264.0,1.0,"restaurant, point_of_interest, food, establishment"
villa_de_vallecas,La Mansión del Chowfan,"Calle de la Sierra de Palomeras, 3, Madrid",40.37824500000001,-3.623445099999999,4.5,1005.0,,"restaurant, point_of_interest, food, establishment"
villa_de_vallecas,Restaurante La Cantina,"Calle de la Sierra Vieja, 64, Madrid",40.37852489999999,-3.6237098,4.6,97.0,1.0,"restaurant, bar, point_of_interest, food, establishment"
vicálvaro,Café Café,"Estación Vicálvaro, Madrid",40.39845439999999,-3.6010185,3.3,32.0,1.0,"cafe, meal_takeaway, bakery, restaurant, food, point_of_interest, store, establishment"
vicálvaro,Papa Johns Pizza,"Calle de San Cipriano, 46, Madrid",40.40381050000001,-3.603850100000001,3.6,907.0,1.0,"restaurant, food, point_of_interest, establishment"
vicálvaro,Suma Doner Kebab,"Calle de San Cipriano, 33, Madrid",40.4041575,-3.6038441,4.0,183.0,1.0,"restaurant, food, point_of_interest, establishment"
vicálvaro,Las Canteras,"Calle Canteras de Tilly, 6, Madrid",40.40212459999999,-3.604171499999999,4.1,319.0,1.0,"bar, restaurant, food, point_of_interest, establishment"
vicálvaro,Telepizza Vicálvaro - Comida a domicilio,"Calle de San Cipriano, 67, Madrid",40.4027904,-3.597470000000001,3.0,498.0,1.0,"meal_delivery, meal_takeaway, restaurant, food, point_of_interest, establishment"
vicálvaro,Restaurante Rubí,"Calle de San Cipriano, 67, Madrid",40.4027706,-3.5974847,3.8,365.0,1.0,"restaurant, bar, food, point_of_interest, establishment"
vicálvaro,Bar Carolina El Rincón de Yosi,"Calle de Horno Labradores, 27, Madrid",40.40089609999999,-3.603268699999999,4.2,409.0,1.0,"bar, restaurant, food, point_of_interest, establishment"
vicálvaro,Kome Sushi,"Avenida de la Aurora Boreal, 23 local5, Madrid",40.39904749999999,-3.6021063,4.6,280.0,1.0,"restaurant, food, point_of_interest, establishment"
vicálvaro,El Buen Gusto,"Calle de Minerva, 79, Madrid",40.3984916,-3.603582,3.7,594.0,1.0,"restaurant, bar, food, point_of_interest, establishment"
vicálvaro,Cafeteria Restaurante El Toledano en Vicálvaro,"Calle de San Cipriano, 39, Madrid",40.404076,-3.6033073,4.5,211.0,,"bar, restaurant, food, point_of_interest, establishment"
vicálvaro,Castañas y Mazorcas,"San Cipriano - Gran Via del Este, 28032",40.4018189,-3.5966627,5.0,2.0,,"bar, restaurant, food, point_of_interest, establishment"
vicálvaro,La Bajada Street Food - Vicálvaro - Restaurante Peruano,"Calle de San Cipriano, 67, Madrid",40.40280009999999,-3.5972468,4.5,1012.0,2.0,"restaurant, food, point_of_interest, establishment"
vicálvaro,Philo Birrobar,"Calle Virgen de la Antigua, 6, Madrid",40.4017276,-3.605580300000001,4.8,246.0,,"bar, restaurant, food, point_of_interest, establishment"
vicálvaro,Vicus,"Plaza Don Antonio de Andrés, 5, Madrid",40.40192409999999,-3.6056086,4.2,753.0,1.0,"cafe, meal_takeaway, bar, restaurant, food, point_of_interest, store, establishment"
vicálvaro,Oficina,"Calle de San Cipriano, 46, Madrid",40.40384479999999,-3.6038398,3.0,2.0,,"restaurant, food, point_of_interest, establishment"
vicálvaro,Emilyn Vanessa,"Calle de la Caliza, Madrid",40.3979989,-3.604748099999999,,,,"restaurant, food, point_of_interest, establishment"
vicálvaro,Restaurante Carbónico by La Birra es Bella,"Calle de la Caliza, 12, Madrid",40.3976046,-3.604392899999999,3.9,831.0,2.0,"restaurant, food, point_of_interest, establishment"
vicálvaro,Restaurante El Rocío Chico,Spain,40.4020472,-3.606175,4.5,80.0,,"restaurant, food, point_of_interest, establishment"
vicálvaro,Heladería Winter Café,"Calle de los Galeote, 1, Madrid",40.40246699999999,-3.606271999999999,4.5,719.0,1.0,"cafe, bakery, restaurant, food, point_of_interest, store, establishment"
vicálvaro,Cervecería Restaurante Carbónico y LBB,"Calle de Minerva, 81, Madrid",40.397543,-3.604609599999999,3.6,315.0,1.0,"restaurant, bar, food, point_of_interest, establishment"
vicálvaro,KFC,"Calle del Lago Leman, 2, local, Madrid",40.4039083,-3.6049466,4.6,2070.0,1.0,"meal_delivery, meal_takeaway, restaurant, point_of_interest, food, establishment"
barajas,Barajas Doner Kebab Halal,"Avenida General, 29, Madrid",40.472134,-3.5788256,3.4,495.0,1.0,"restaurant, food, point_of_interest, establishment"
barajas,Burger King,"Avenida de Logroño, 337, Madrid",40.4732745,-3.5821913,3.7,2765.0,1.0,"meal_takeaway, restaurant, food, point_of_interest, establishment"
barajas,La Torino,"Plaza Mayor de Barajas, 4, Madrid",40.47369539999999,-3.578274499999999,4.2,2274.0,2.0,"restaurant, food, point_of_interest, establishment"
barajas,La Botica,"Calle de la Botica, 7, Madrid",40.473132,-3.5785701,4.5,155.0,1.0,"meal_delivery, cafe, meal_takeaway, bar, restaurant, food, point_of_interest, store, establishment"
barajas,Vermutería 101,"Avenida de Logroño, 124, Madrid",40.47196,-3.581539999999999,3.9,784.0,1.0,"bar, restaurant, food, point_of_interest, establishment"
barajas,La Viña de Nerea,"Avenida de Logroño, 128, Madrid",40.4723181,-3.5815756,4.2,536.0,,"bar, restaurant, food, point_of_interest, establishment"
barajas,Restaurante La Consentida,"Avenida de Logroño, 323, Madrid",40.47228159999999,-3.582044599999999,3.7,1333.0,2.0,"bar, restaurant, food, point_of_interest, establishment"
barajas,100 Montaditos,"Plaza Mayor de Barajas, 10, Madrid",40.4739799,-3.5779333,3.6,1280.0,1.0,"bar, restaurant, food, point_of_interest, establishment"
barajas,Lizarran Barajas,"Plaza Mayor de Barajas, 10, Madrid",40.4741051,-3.5777442,3.5,1038.0,1.0,"restaurant, bar, food, point_of_interest, establishment"
barajas,McDonald's,"Avenida de Logroño, 303, Madrid",40.4690385,-3.5819897,3.7,2986.0,1.0,"restaurant, food, point_of_interest, establishment"
barajas,Sushi & Buey,"Avenida de Logroño, 112, Madrid",40.4702534,-3.5812681,4.1,713.0,2.0,"restaurant, food, point_of_interest, establishment"
barajas,La Abu Parrilla Argentina,"Calle Canal de Suez, 49, Madrid",40.4745737,-3.5788007,4.6,1530.0,1.0,"restaurant, food, point_of_interest, establishment"
barajas,Restaurante Martes 13,"Avenida de Logroño, 138, Madrid",40.4729526,-3.5817253,4.3,1240.0,1.0,"restaurant, food, point_of_interest, establishment"
barajas,Telepizza Barajas - Comida a Domicilio,"Calle Canal de Suez esquina, Calle Urano, 5, Madrid",40.4727705,-3.57957,3.2,570.0,1.0,"meal_delivery, meal_takeaway, restaurant, food, point_of_interest, establishment"
barajas,Asadores de Pollo Casa Galván,"Calle de la Botica, 1, Madrid",40.47350240000001,-3.5783028,4.5,763.0,1.0,"meal_takeaway, restaurant, food, point_of_interest, establishment"
barajas,Bar Galicia,"Avenida General, 16, Madrid",40.4723195,-3.579132399999999,4.3,74.0,1.0,"restaurant, food, point_of_interest, establishment"
barajas,El Tío Napoletano,"Calle Canal de Suez, 12, Madrid",40.47171929999999,-3.5803005,4.7,30.0,,"restaurant, food, point_of_interest, establishment"
barajas,Bar Urano Marisqueria,"Calle Urano, 2, Madrid",40.47260429999999,-3.5788426,4.4,129.0,1.0,"bar, liquor_store, restaurant, food, point_of_interest, store, establishment"
barajas,Urban Bistro,"Avenida General, 43b, Madrid",40.47100029999999,-3.5798852,4.3,97.0,,"restaurant, food, point_of_interest, establishment"
barajas,Restaurante Jumbo,"Calle de Gonzalo de Céspedes, 20, Madrid",40.4708159,-3.5793371,4.7,4463.0,1.0,"restaurant, food, point_of_interest, establishment"
barajas,Taberna El Canal,"Calle Canal de Suez, 25, Madrid",40.47314430000001,-3.579673699999999,4.3,236.0,,"bar, restaurant, food, point_of_interest, establishment"
barajas,Kebab Madrid Barajas,"Avenida de Logroño, 122, Barajas",40.4717483,-3.5813879,4.7,139.0,,"restaurant, food, point_of_interest, establishment"
barajas,Bar Madrid Barajas,"Avenida de Logroño, 122, Madrid",40.4717483,-3.5813879,4.8,17.0,,"restaurant, food, point_of_interest, establishment"
barajas,Cervecería Narvi Los Gallegos,"Avenida de Logroño, 118, Madrid",40.4712741,-3.581308799999999,4.3,657.0,1.0,"bar, restaurant, food, point_of_interest, establishment"
barajas,Warmi Nikkei,"Avenida General, 47, Madrid",40.4705106,-3.5803886,,,,"restaurant, food, point_of_interest, establishment"
barajas,La General,"Calle del Planeta, 3, Madrid",40.4706386,-3.5806837,4.6,2522.0,2.0,"restaurant, cafe, bar, store, food, point_of_interest, establishment"
barajas,Chutoro Madrid,"Avenida General, 47, Madrid",40.4704871,-3.580408199999999,4.6,919.0,,"meal_delivery, meal_takeaway, restaurant, food, point_of_interest, establishment"
barajas,Bar Restaurante Albariño,"Avenida de Logroño, 126, Madrid",40.4722758,-3.581563,4.5,229.0,,"bar, restaurant, food, point_of_interest, establishment"
barajas,Bar Vinoteca Restaurante,"Calle Santa Eduvigis, 28, Madrid",40.4731005,-3.5809428,3.3,3.0,,"restaurant, bar, food, point_of_interest, establishment"
barajas,Nepali Kathmandu Tandoori House,"Calle de los Feriantes, 1, Madrid",40.4704093,-3.580372399999999,4.8,387.0,,"restaurant, food, point_of_interest, establishment"
barajas,BLT Barra Libre Tapas Barajas,"Avenida de Logroño, 116, Madrid",40.47093789999999,-3.581318999999999,4.1,1053.0,,"bar, restaurant, food, point_of_interest, establishment"
barajas,Moma Garden,"Avenida de Logroño, 323, Madrid",40.4722836,-3.5820003,3.6,144.0,,"restaurant, bar, food, point_of_interest, establishment"
barajas,Bar Julian,"Calle Camarillas, 2, Madrid",40.4730858,-3.5773087,4.6,139.0,1.0,"bar, restaurant, food, point_of_interest, establishment"
barajas,Deleïte Restaurant,"Calle de Algemesí, 33, Madrid",40.4725253,-3.5821636,4.8,609.0,2.0,"restaurant, food, point_of_interest, establishment"
barajas,Cafetería Sol,"Plaza Mayor de Barajas, 6, Madrid",40.47378090000001,-3.578196,3.6,293.0,1.0,"restaurant, cafe, food, point_of_interest, establishment"
barajas,Domino's Pizza,"Avenida de Logroño, 112, Madrid",40.47017899999999,-3.581322,4.6,2942.0,1.0,"meal_delivery, meal_takeaway, restaurant, food, point_of_interest, establishment"
barajas,Hostal Cafetería Restaurante El Príncipe,"Calle Acuario, 8, Madrid",40.473848,-3.5780471,4.0,839.0,2.0,"restaurant, cafe, store, food, point_of_interest, establishment"
barajas,IBIS KITCHEN,"Avenida General, 49, Madrid",40.4698155,-3.5807669,4.1,7.0,,"restaurant, food, point_of_interest, establishment"
barajas,Rodilla,"Avenida General, 36, Madrid",40.4698849,-3.5810174,4.2,103.0,1.0,"restaurant, meal_delivery, cafe, meal_takeaway, store, food, point_of_interest, establishment"
barajas,La Latina Gastrobar,"Avenida de Logroño, 144, Madrid",40.4734849,-3.5819112,3.8,978.0,,"cafe, liquor_store, bar, store, restaurant, food, point_of_interest, establishment"
barajas,Los Arroces de la Finca,"Calle Alaró, 7, Madrid",40.4710955,-3.5826611,4.4,373.0,,"restaurant, food, point_of_interest, establishment"
barajas,Kathmandu Tandoori House,"Calle Acuario, 11, Madrid",40.4743787,-3.5787577,4.7,2735.0,1.0,"restaurant, food, point_of_interest, establishment"
barajas,Asador Nuevo Porche | Restaurante Barajas,"Calle Alaró, 5, Madrid",40.4708778,-3.582585900000001,4.7,1427.0,3.0,"restaurant, food, point_of_interest, establishment"
barajas,Cherbourgo,"Plaza Mayor de Barajas, 15, Madrid",40.4738323,-3.5770864,3.6,121.0,1.0,"cafe, bar, restaurant, food, point_of_interest, establishment"
barajas,La Capri de barajas Bar Restaurante,"Plaza Mayor de Barajas, 13, Madrid",40.4740822,-3.5773712,4.2,2041.0,,"bar, restaurant, food, point_of_interest, establishment"
barajas,Finca Lucero,"Calle de Alar del Rey, 14, Madrid",40.4708724,-3.5829003,4.5,590.0,,"restaurant, food, point_of_interest, establishment"
barajas,Sisa’s Restaurant,"Calle de Alar del Rey, 12, Madrid",40.47065020000001,-3.582864500000001,4.7,207.0,,"restaurant, food, point_of_interest, establishment"
barajas,Bar Sena,"Avenida de Logroño, 104, Madrid",40.4692108,-3.5809929,4.4,403.0,1.0,"bar, restaurant, food, point_of_interest, establishment"
barajas,La Esquinita Mp,"Calle de Saturno, 64, Madrid",40.47459519999999,-3.5811394,4.4,173.0,1.0,"bar, restaurant, food, point_of_interest, establishment"
barajas,La Fragua,"Calle Canal de Suez, 53, Madrid",40.4749529,-3.5784909,4.4,151.0,1.0,"restaurant, food, point_of_interest, establishment"
barajas,Universo Kebab El Turco Barajas,"Calle Timón, 26, Madrid",40.4732231,-3.5835198,3.5,419.0,1.0,"restaurant, food, point_of_interest, establishment"
barajas,RESTAURANTE BAR CAFETERIA BARAJAS J´L,"Plaza del Jubilado, 2, Madrid",40.4745284,-3.5767921,4.6,166.0,,"bar, restaurant, food, point_of_interest, establishment"
barajas,Pakistani Restaurante Barajas (Halal),"Calle Aguetol, 10, Madrid",40.4701173,-3.5832858,5.0,17.0,,"restaurant, food, point_of_interest, establishment"
barajas,机场麦当劳,Timón,40.4690266,-3.5819262,,,,"restaurant, food, point_of_interest, establishment"
barajas,La Muralla,"Calle de Alar del Rey, 9, Madrid",40.4700108,-3.5833064,4.0,241.0,2.0,"restaurant, food, point_of_interest, establishment"
barajas,Estrella De Oriente,"Calle de Alar del Rey, 9, Madrid",40.4700108,-3.5833064,3.8,28.0,,"restaurant, food, point_of_interest, establishment"
barajas,Piazzere,"Calle Aguetol, 2, Madrid",40.4701873,-3.583917,4.5,123.0,,"restaurant, food, point_of_interest, establishment"
barajas,Hungry Club,"Avenida de Logroño, Madrid",40.4751301,-3.5823333,3.2,204.0,,"restaurant, food, point_of_interest, establishment"
barajas,Bar Mesón La Alternativa,"Calle de Pajarones, s/n, Madrid",40.47543030000001,-3.5819338,3.9,141.0,1.0,"restaurant, food, point_of_interest, establishment"
barajas,Padam Bistro,"Calle de Saturno, 80, Madrid",40.4753874,-3.5820512,4.7,82.0,,"restaurant, food, point_of_interest, establishment"
